Symbol,Name,LastSale,MarketCap,ADR TSO,IPOyear,Sector,Industry,Summary Quote
WFC,Wells Fargo & Company,54.59,2.81263E+11,n/a,n/a,Finance,Major Banks,http://www.nasdaq.com/symbol/wfc
BAC,Bank of America Corporation,16.22,1.70627E+11,n/a,n/a,Finance,Major Banks,http://www.nasdaq.com/symbol/bac
C,Citigroup Inc.,53.06,1.60976E+11,n/a,n/a,Finance,Major Banks,http://www.nasdaq.com/symbol/c
AXP,American Express Company,80.31,81849968664,n/a,n/a,Finance,Finance: Consumer Services,http://www.nasdaq.com/symbol/axp
GS,"Goldman Sachs Group, Inc. (The)",186.91,81421950455,n/a,1999,Finance,Investment Bankers/Brokers/Service,http://www.nasdaq.com/symbol/gs
USB,U.S. Bancorp,44.67,79565729649,n/a,n/a,Finance,Major Banks,http://www.nasdaq.com/symbol/usb
AIG,"American International Group, Inc.",56,76856410008,n/a,n/a,Finance,Property-Casualty Insurers,http://www.nasdaq.com/symbol/aig
MS,Morgan Stanley,35.53,70229056586,n/a,n/a,Finance,Investment Bankers/Brokers/Service,http://www.nasdaq.com/symbol/ms
BLK,"BlackRock, Inc.",365.47,60450586913,n/a,1999,Finance,Investment Bankers/Brokers/Service,http://www.nasdaq.com/symbol/blk
MET,"MetLife, Inc.",52.64,58822094082,n/a,2000,Finance,Life Insurance,http://www.nasdaq.com/symbol/met
PNC,"PNC Financial Services Group, Inc. (The)",93.73,48804246893,n/a,n/a,Finance,Major Banks,http://www.nasdaq.com/symbol/pnc
BX,The Blackstone Group L.P.,38.75,44901218943,n/a,2007,Finance,Investment Managers,http://www.nasdaq.com/symbol/bx
BK,Bank Of New York Mellon Corporation (The),39.28,43753692372,n/a,n/a,Finance,Major Banks,http://www.nasdaq.com/symbol/bk
COF,Capital One Financial Corporation,78.98,43564648571,n/a,1994,Finance,Major Banks,http://www.nasdaq.com/symbol/cof
SCHW,The Charles Schwab Corporation,31.04,40695120009,n/a,n/a,Finance,Investment Bankers/Brokers/Service,http://www.nasdaq.com/symbol/schw
PRU,"Prudential Financial, Inc.",82.6,37500400000,n/a,2001,Finance,Life Insurance,http://www.nasdaq.com/symbol/pru
TRV,"The Travelers Companies, Inc.",105.8,34000795764,n/a,n/a,Finance,Property-Casualty Insurers,http://www.nasdaq.com/symbol/trv
BEN,"Franklin Resources, Inc.",53.05,32987911316,n/a,n/a,Finance,Investment Managers,http://www.nasdaq.com/symbol/ben
CME,CME Group Inc.,95.42,32189343488,n/a,2002,Finance,Investment Bankers/Brokers/Service,http://www.nasdaq.com/symbol/cme
MMC,"Marsh & McLennan Companies, Inc.",56.35,30360225614,n/a,n/a,Finance,Specialty Insurers,http://www.nasdaq.com/symbol/mmc
STT,State Street Corporation,72.81,30018152088,n/a,n/a,Finance,Major Banks,http://www.nasdaq.com/symbol/stt
ALL,Allstate Corporation (The),69.14,28791734087,n/a,n/a,Finance,Property-Casualty Insurers,http://www.nasdaq.com/symbol/all
KKR,KKR & Co. L.P.,23.71,28165489498,n/a,n/a,Finance,Investment Managers,http://www.nasdaq.com/symbol/kkr
MHFI,"McGraw Hill Financial, Inc.",101.43,27741105000,n/a,n/a,Finance,Finance: Consumer Services,http://www.nasdaq.com/symbol/mhfi
BBT,BB&T Corporation,38.46,27722014883,n/a,n/a,Finance,Major Banks,http://www.nasdaq.com/symbol/bbt
AON,Aon plc,98.79,27685949068,n/a,n/a,Finance,Specialty Insurers,http://www.nasdaq.com/symbol/aon
AFL,Aflac Incorporated,62.16,27282220239,n/a,n/a,Finance,Accident &Health Insurance,http://www.nasdaq.com/symbol/afl
DFS,Discover Financial Services,58.9,26342432348,n/a,n/a,Finance,Finance: Consumer Services,http://www.nasdaq.com/symbol/dfs
ICE,Intercontinental Exchange Inc.,230.42,25809062396,n/a,2005,Finance,Investment Bankers/Brokers/Service,http://www.nasdaq.com/symbol/ice
AMP,"AMERIPRISE FINANCIAL SERVICES, INC.",132.98,24270372887,n/a,n/a,Finance,Investment Managers,http://www.nasdaq.com/symbol/amp
CB,Chubb Corporation (The),99.88,23057984375,n/a,n/a,Finance,Property-Casualty Insurers,http://www.nasdaq.com/symbol/cb
STI,"SunTrust Banks, Inc.",41.92,21921582926,n/a,n/a,Finance,Major Banks,http://www.nasdaq.com/symbol/sti
TROW,"T. Rowe Price Group, Inc.",82.13,21413496437,n/a,1986,Finance,Investment Bankers/Brokers/Service,http://www.nasdaq.com/symbol/trow
AMTD,TD Ameritrade Holding Corporation,37.69,20485765290,n/a,1997,Finance,Investment Bankers/Brokers/Service,http://www.nasdaq.com/symbol/amtd
MCO,Moody&#39;s Corporation,94.56,19167312000,n/a,n/a,Finance,Finance: Consumer Services,http://www.nasdaq.com/symbol/mco
HIG,"Hartford Financial Services Group, Inc. (The)",41.01,17263206579,n/a,n/a,Finance,Property-Casualty Insurers,http://www.nasdaq.com/symbol/hig
IVZ,Invesco Plc,40.14,17229089292,n/a,n/a,Finance,Investment Managers,http://www.nasdaq.com/symbol/ivz
MTB,M&T Bank Corporation,124.43,16538306730,n/a,n/a,Finance,Major Banks,http://www.nasdaq.com/symbol/mtb
NTRS,Northern Trust Corporation,70.36,16428124493,n/a,n/a,Finance,Major Banks,http://www.nasdaq.com/symbol/ntrs
FITB,Fifth Third Bancorp,19.45,15847182965,n/a,n/a,Finance,Major Banks,http://www.nasdaq.com/symbol/fitb
PGR,Progressive Corporation (The),26.26,15465366899,n/a,n/a,Finance,Property-Casualty Insurers,http://www.nasdaq.com/symbol/pgr
LNC,Lincoln National Corporation,58.92,15106560430,n/a,n/a,Finance,Life Insurance,http://www.nasdaq.com/symbol/lnc
L,Loews Corporation,40.48,15106179093,n/a,n/a,Finance,Property-Casualty Insurers,http://www.nasdaq.com/symbol/l
PFG,Principal Financial Group Inc,50.5,14852567524,n/a,2001,Finance,Accident &Health Insurance,http://www.nasdaq.com/symbol/pfg
RF,Regions Financial Corporation,9.76,13106647665,n/a,n/a,Finance,Major Banks,http://www.nasdaq.com/symbol/rf
KEY,KeyCorp,14.31,12239696300,n/a,n/a,Finance,Major Banks,http://www.nasdaq.com/symbol/key
AMG,"Affiliated Managers Group, Inc.",214.39,11768970780,n/a,n/a,Finance,Investment Managers,http://www.nasdaq.com/symbol/amg
CBG,"CBRE Group, Inc.",34.66,11542623659,n/a,2004,Finance,Real Estate,http://www.nasdaq.com/symbol/cbg
EFX,"Equifax, Inc.",93.38,11157682800,n/a,n/a,Finance,Finance: Consumer Services,http://www.nasdaq.com/symbol/efx
CNA,CNA Financial Corporation,40.91,11046315409,n/a,n/a,Finance,Property-Casualty Insurers,http://www.nasdaq.com/symbol/cna
VOYA,"Voya Financial, Inc.",44.22,10696356432,n/a,2013,Finance,Life Insurance,http://www.nasdaq.com/symbol/voya
MKL,Markel Corporation,748.32,10448332692,n/a,1986,Finance,Property-Casualty Insurers,http://www.nasdaq.com/symbol/mkl
ALLY,Ally Financial Inc.,21.08,10150046666,n/a,2014,Finance,Finance: Consumer Services,http://www.nasdaq.com/symbol/ally
CTRX,Catamaran Corporation,48.57,10077918496,n/a,n/a,Finance,Specialty Insurers,http://www.nasdaq.com/symbol/ctrx
FNF,"Fidelity National Financial, Inc.",35.63,9974058646,n/a,2014,Finance,Specialty Insurers,http://www.nasdaq.com/symbol/fnf
HBAN,Huntington Bancshares Incorporated,11.01,8918382704,n/a,n/a,Finance,Major Banks,http://www.nasdaq.com/symbol/hban
CG,The Carlyle Group L.P.,27.29,8735570808,n/a,2012,Finance,Investment Managers,http://www.nasdaq.com/symbol/cg
CINF,Cincinnati Financial Corporation,52.47,8613807178,n/a,n/a,Finance,Property-Casualty Insurers,http://www.nasdaq.com/symbol/cinf
UNM,Unum Group,33.96,8538311122,n/a,n/a,Finance,Accident &Health Insurance,http://www.nasdaq.com/symbol/unm
NDAQ,"The NASDAQ OMX Group, Inc.",50.19,8473476617,n/a,n/a,Finance,Investment Bankers/Brokers/Service,http://www.nasdaq.com/symbol/ndaq
CMA,Comerica Incorporated,47.1,8400727457,n/a,n/a,Finance,Major Banks,http://www.nasdaq.com/symbol/cma
RJF,"Raymond James Financial, Inc.",58.78,8392702389,n/a,n/a,Finance,Investment Bankers/Brokers/Service,http://www.nasdaq.com/symbol/rjf
ETFC,E*TRADE Financial Corporation,27.85,8071602243,n/a,n/a,Finance,Savings Institutions,http://www.nasdaq.com/symbol/etfc
CIT,CIT Group Inc (DEL),45.81,8062342998,n/a,n/a,Finance,Finance: Consumer Services,http://www.nasdaq.com/symbol/cit
NAVI,Navient Corporation,19.64,7884683906,n/a,n/a,Finance,Investment Bankers/Brokers/Service,http://www.nasdaq.com/symbol/navi
AJG,Arthur J. Gallagher & Co.,45.81,7546922640,n/a,n/a,Finance,Specialty Insurers,http://www.nasdaq.com/symbol/ajg
Y,Alleghany Corporation,468.39,7495911216,n/a,n/a,Finance,Property-Casualty Insurers,http://www.nasdaq.com/symbol/y
NYCB,"New York Community Bancorp, Inc.",16.62,7374858764,n/a,n/a,Finance,Banks,http://www.nasdaq.com/symbol/nycb
SEIC,SEI Investments Company,42.09,7021960732,n/a,1981,Finance,Investment Bankers/Brokers/Service,http://www.nasdaq.com/symbol/seic
JLL,Jones Lang LaSalle Incorporated,155.07,6952447148,n/a,n/a,Finance,Real Estate,http://www.nasdaq.com/symbol/jll
TMK,Torchmark Corporation,53.79,6837110865,n/a,n/a,Finance,Life Insurance,http://www.nasdaq.com/symbol/tmk
SIVB,SVB Financial Group,126.77,6460546423,n/a,n/a,Finance,Major Banks,http://www.nasdaq.com/symbol/sivb
LM,"Legg Mason, Inc.",56.65,6381987836,n/a,n/a,Finance,Investment Managers,http://www.nasdaq.com/symbol/lm
SBNY,Signature Bank,126.27,6353604488,n/a,2004,Finance,Major Banks,http://www.nasdaq.com/symbol/sbny
WRB,W.R. Berkley Corporation,50.23,6319467242,n/a,n/a,Finance,Property-Casualty Insurers,http://www.nasdaq.com/symbol/wrb
RGA,"Reinsurance Group of America, Incorporated",90.06,6194810332,n/a,n/a,Finance,Life Insurance,http://www.nasdaq.com/symbol/rga
OZM,Och-Ziff Capital Management Group LLC,12.43,5941528129,n/a,2007,Finance,Investment Managers,http://www.nasdaq.com/symbol/ozm
EWBC,"East West Bancorp, Inc.",40.49,5813704418,n/a,n/a,Finance,Major Banks,http://www.nasdaq.com/symbol/ewbc
ZION,Zions Bancorporation,27.34,5555304029,n/a,n/a,Finance,Major Banks,http://www.nasdaq.com/symbol/zion
AFG,"American Financial Group, Inc.",63.1,5505846722,n/a,n/a,Finance,Property-Casualty Insurers,http://www.nasdaq.com/symbol/afg
HCC,"HCC Insurance Holdings, Inc.",56.4,5431320000,n/a,n/a,Finance,Property-Casualty Insurers,http://www.nasdaq.com/symbol/hcc
HCBK,"Hudson City Bancorp, Inc.",10.08,5331661423,n/a,n/a,Finance,Banks,http://www.nasdaq.com/symbol/hcbk
CBOE,"CBOE Holdings, Inc.",59.89,5030954103,n/a,2010,Finance,Investment Bankers/Brokers/Service,http://www.nasdaq.com/symbol/cboe
EV,Eaton Vance Corporation,42.26,4997724693,n/a,n/a,Finance,Investment Managers,http://www.nasdaq.com/symbol/ev
CYN,City National Corporation,89.25,4934652581,n/a,n/a,Finance,Major Banks,http://www.nasdaq.com/symbol/cyn
PACW,PacWest Bancorp,45.46,4683380893,n/a,n/a,Finance,Major Banks,http://www.nasdaq.com/symbol/pacw
PBCT,"People&#39;s United Financial, Inc.",15.13,4663308065,n/a,n/a,Finance,Savings Institutions,http://www.nasdaq.com/symbol/pbct
DNB,Dun & Bradstreet Corporation (The),129.05,4641853522,n/a,n/a,Finance,Finance: Consumer Services,http://www.nasdaq.com/symbol/dnb
BRO,"Brown & Brown, Inc.",31.84,4569679888,n/a,n/a,Finance,Specialty Insurers,http://www.nasdaq.com/symbol/bro
LPLA,LPL Financial Holdings Inc.,45.55,4395389885,n/a,2010,Finance,Investment Bankers/Brokers/Service,http://www.nasdaq.com/symbol/lpla
CFR,"Cullen/Frost Bankers, Inc.",69.24,4372587219,n/a,n/a,Finance,Major Banks,http://www.nasdaq.com/symbol/cfr
AFSI,"AmTrust Financial Services, Inc.",53.31,4367039571,n/a,n/a,Finance,Property-Casualty Insurers,http://www.nasdaq.com/symbol/afsi
TFSL,TFS Financial Corporation,14.39,4292759628,n/a,n/a,Finance,Savings Institutions,http://www.nasdaq.com/symbol/tfsl
AIZ,"Assurant, Inc.",61.59,4241433659,n/a,2004,Finance,Accident &Health Insurance,http://www.nasdaq.com/symbol/aiz
FNFV,"Fidelity National Financial, Inc.",14.84,4154224819,n/a,2014,Finance,Specialty Insurers,http://www.nasdaq.com/symbol/fnfv
WDR,"Waddell & Reed Financial, Inc.",49.6,4144801978,n/a,1998,Finance,Investment Bankers/Brokers/Service,http://www.nasdaq.com/symbol/wdr
BOKF,BOK Financial Corporation,59.72,4127429136,n/a,n/a,Finance,Major Banks,http://www.nasdaq.com/symbol/bokf
CBSH,"Commerce Bancshares, Inc.",41.95,4045811411,n/a,n/a,Finance,Major Banks,http://www.nasdaq.com/symbol/cbsh
SLM,SLM Corporation,9.48,4014555893,n/a,n/a,Finance,Finance: Consumer Services,http://www.nasdaq.com/symbol/slm
WTM,"White Mountains Insurance Group, Ltd.",666,3990371634,n/a,n/a,Finance,Property-Casualty Insurers,http://www.nasdaq.com/symbol/wtm
ERIE,Erie Indemnity Company,84.98,3925363018,n/a,n/a,Finance,Specialty Insurers,http://www.nasdaq.com/symbol/erie
ORI,Old Republic International Corporation,14.88,3883654153,n/a,n/a,Finance,Property-Casualty Insurers,http://www.nasdaq.com/symbol/ori
SNV,Synovus Financial Corp.,28,3777819696,n/a,n/a,Finance,Major Banks,http://www.nasdaq.com/symbol/snv
CACC,Credit Acceptance Corporation,182.17,3752230362,n/a,1992,Finance,Finance: Consumer Services,http://www.nasdaq.com/symbol/cacc
UMPQ,Umpqua Holdings Corporation,17,3746747011,n/a,n/a,Finance,Savings Institutions,http://www.nasdaq.com/symbol/umpq
SF,Stifel Financial Corporation,54.75,3700049895,n/a,n/a,Finance,Investment Bankers/Brokers/Service,http://www.nasdaq.com/symbol/sf
BPOP,"Popular, Inc.",35.22,3650201892,n/a,n/a,Finance,Major Banks,http://www.nasdaq.com/symbol/bpop
PB,"Prosperity Bancshares, Inc.",51.88,3633314115,n/a,n/a,Finance,Major Banks,http://www.nasdaq.com/symbol/pb
FII,"Federated Investors, Inc.",34.35,3600018224,n/a,1998,Finance,Investment Managers,http://www.nasdaq.com/symbol/fii
FAF,First American Corporation (The),33.14,3571870062,n/a,n/a,Finance,Specialty Insurers,http://www.nasdaq.com/symbol/faf
FIG,Fortress Investment Group LLC,8.09,3518230960,n/a,2007,Finance,Investment Managers,http://www.nasdaq.com/symbol/fig
CNO,"CNO Financial Group, Inc.",16.93,3389292987,n/a,n/a,Finance,Accident &Health Insurance,http://www.nasdaq.com/symbol/cno
FHN,First Horizon National Corporation,14.38,3368157182,n/a,n/a,Finance,Major Banks,http://www.nasdaq.com/symbol/fhn
MORN,"Morningstar, Inc.",73.39,3255171324,n/a,2005,Finance,Investment Managers,http://www.nasdaq.com/symbol/morn
WBS,Webster Financial Corporation,35.38,3202713929,n/a,n/a,Finance,Major Banks,http://www.nasdaq.com/symbol/wbs
OZRK,Bank of the Ozarks,36.7,3184375508,n/a,1997,Finance,Major Banks,http://www.nasdaq.com/symbol/ozrk
FNFG,First Niagara Financial Group Inc.,8.9,3162485870,n/a,n/a,Finance,Major Banks,http://www.nasdaq.com/symbol/fnfg
MKTX,"MarketAxess Holdings, Inc.",84.21,3143854456,n/a,2004,Finance,Investment Bankers/Brokers/Service,http://www.nasdaq.com/symbol/mktx
MTG,MGIC Investment Corporation,9.18,3111294440,n/a,1991,Finance,Property-Casualty Insurers,http://www.nasdaq.com/symbol/mtg
FMER,FirstMerit Corporation,18.74,3099328149,n/a,n/a,Finance,Major Banks,http://www.nasdaq.com/symbol/fmer
THG,"The Hanover Insurance Group, Inc.",69.12,3062159355,n/a,n/a,Finance,Property-Casualty Insurers,http://www.nasdaq.com/symbol/thg
RDN,Radian Group Inc.,16,3058162448,n/a,n/a,Finance,Property-Casualty Insurers,http://www.nasdaq.com/symbol/rdn
JNS,"Janus Capital Group, Inc",16.3,3051724468,n/a,n/a,Finance,Investment Managers,http://www.nasdaq.com/symbol/jns
FCNCA,"First Citizens BancShares, Inc.",251.07,3015452383,n/a,n/a,Finance,Major Banks,http://www.nasdaq.com/symbol/fcnca
MCY,Mercury General Corporation,54.35,2996123210,n/a,n/a,Finance,Property-Casualty Insurers,http://www.nasdaq.com/symbol/mcy
AB,Allianceberstein Holding L.P.,28.33,2851612782,n/a,n/a,Finance,Investment Managers,http://www.nasdaq.com/symbol/ab
SFG,"StanCorp Financial Group, Inc.",67.42,2841256115,n/a,1999,Finance,Accident &Health Insurance,http://www.nasdaq.com/symbol/sfg
ANAT,American National Insurance Company,105.29,2830052111,n/a,n/a,Finance,Life Insurance,http://www.nasdaq.com/symbol/anat
EEFT,"Euronet Worldwide, Inc.",54.45,2814399294,n/a,1997,Finance,Investment Bankers/Brokers/Service,http://www.nasdaq.com/symbol/eeft
WETF,"WisdomTree Investments, Inc.",20.55,2771211045,n/a,n/a,Finance,Investment Bankers/Brokers/Service,http://www.nasdaq.com/symbol/wetf
ASB,Associated Banc-Corp,18.59,2764229937,n/a,n/a,Finance,Major Banks,http://www.nasdaq.com/symbol/asb
PVTB,"PrivateBancorp, Inc.",34.95,2743904299,n/a,1999,Finance,Major Banks,http://www.nasdaq.com/symbol/pvtb
BOH,Bank of Hawaii Corporation,61.33,2678096497,n/a,n/a,Finance,Major Banks,http://www.nasdaq.com/symbol/boh
TCB,TCF Financial Corporation,15.83,2658236730,n/a,n/a,Finance,Major Banks,http://www.nasdaq.com/symbol/tcb
UBSI,"United Bankshares, Inc.",37.21,2579460941,n/a,n/a,Finance,Major Banks,http://www.nasdaq.com/symbol/ubsi
PRA,ProAssurance Corporation,44.88,2504953638,n/a,n/a,Finance,Property-Casualty Insurers,http://www.nasdaq.com/symbol/pra
KW,Kennedy-Wilson Holdings Inc.,26.07,2503076742,n/a,n/a,Finance,Real Estate,http://www.nasdaq.com/symbol/kw
SUSQ,"Susquehanna Bancshares, Inc.",13.54,2465997211,n/a,n/a,Finance,Major Banks,http://www.nasdaq.com/symbol/susq
ROL,"Rollins, Inc.",33.79,2458661365,n/a,n/a,Finance,Diversified Commercial Services,http://www.nasdaq.com/symbol/rol
PRAA,"PRA Group, Inc.",49.58,2403441964,n/a,2002,Finance,Finance: Consumer Services,http://www.nasdaq.com/symbol/praa
HBHC,Hancock Holding Company,29.79,2396208370,n/a,n/a,Finance,Major Banks,http://www.nasdaq.com/symbol/hbhc
UMBF,UMB Financial Corporation,51.74,2367042705,n/a,n/a,Finance,Major Banks,http://www.nasdaq.com/symbol/umbf
MBFI,MB Financial Inc.,30.77,2313688764,n/a,n/a,Finance,Major Banks,http://www.nasdaq.com/symbol/mbfi
CBSHP,"Commerce Bancshares, Inc.",25.2046,2309759727,n/a,n/a,Finance,Major Banks,http://www.nasdaq.com/symbol/cbshp
VLY,Valley National Bancorp,9.67,2248246174,n/a,n/a,Finance,Major Banks,http://www.nasdaq.com/symbol/vly
TCBI,"Texas Capital Bancshares, Inc.",49.1,2246956131,n/a,2003,Finance,Major Banks,http://www.nasdaq.com/symbol/tcbi
FNB,F.N.B. Corporation,12.91,2246093793,n/a,n/a,Finance,Major Banks,http://www.nasdaq.com/symbol/fnb
WTFC,Wintrust Financial Corporation,47.05,2225503393,n/a,n/a,Finance,Major Banks,http://www.nasdaq.com/symbol/wtfc
FULT,Fulton Financial Corporation,12.26,2194907800,n/a,n/a,Finance,Major Banks,http://www.nasdaq.com/symbol/fult
FNGN,"Financial Engines, Inc.",42.2,2193069139,n/a,2010,Finance,Investment Managers,http://www.nasdaq.com/symbol/fngn
NNI,"Nelnet, Inc.",47.16,2176467578,n/a,2003,Finance,Finance: Consumer Services,http://www.nasdaq.com/symbol/nni
BXS,"BancorpSouth, Inc.",22.56,2172107369,n/a,n/a,Finance,Major Banks,http://www.nasdaq.com/symbol/bxs
AEL,American Equity Investment Life Holding Company,28.12,2161793275,n/a,2003,Finance,Life Insurance,http://www.nasdaq.com/symbol/ael
HOMB,"Home BancShares, Inc.",31.91,2156346299,n/a,2006,Finance,Major Banks,http://www.nasdaq.com/symbol/homb
IBKC,IBERIABANK Corporation,63.98,2147218704,n/a,n/a,Finance,Major Banks,http://www.nasdaq.com/symbol/ibkc
CATY,Cathay General Bancorp,26.47,2112870632,n/a,n/a,Finance,Major Banks,http://www.nasdaq.com/symbol/caty
RLI,RLI Corp.,48.54,2094009533,n/a,n/a,Finance,Property-Casualty Insurers,http://www.nasdaq.com/symbol/rli
WAFD,"Washington Federal, Inc.",21.1,2033691892,n/a,n/a,Finance,Savings Institutions,http://www.nasdaq.com/symbol/wafd
BGCP,"BGC Partners, Inc.",8.83,1955222520,n/a,n/a,Finance,Investment Bankers/Brokers/Service,http://www.nasdaq.com/symbol/bgcp
KMPR,Kemper Corporation,37.05,1921964526,n/a,n/a,Finance,Property-Casualty Insurers,http://www.nasdaq.com/symbol/kmpr
ALEX,"Alexander & Baldwin Holdings, Inc.",39.35,1918506928,n/a,n/a,Finance,Real Estate,http://www.nasdaq.com/symbol/alex
GBL,"Gamco Investors, Inc.",73.51,1898006368,n/a,1999,Finance,Investment Bankers/Brokers/Service,http://www.nasdaq.com/symbol/gbl
IBKR,"Interactive Brokers Group, Inc.",32.41,1895119199,n/a,n/a,Finance,Investment Bankers/Brokers/Service,http://www.nasdaq.com/symbol/ibkr
HTH,Hilltop Holdings Inc.,18.78,1883565077,n/a,n/a,Finance,Major Banks,http://www.nasdaq.com/symbol/hth
GBCI,"Glacier Bancorp, Inc.",25.02,1878639460,n/a,n/a,Finance,Major Banks,http://www.nasdaq.com/symbol/gbci
CFFN,"Capitol Federal Financial, Inc.",12.49,1756760441,n/a,n/a,Finance,Savings Institutions,http://www.nasdaq.com/symbol/cffn
MBI,"MBIA, Inc.",9.25,1717386173,n/a,1987,Finance,Property-Casualty Insurers,http://www.nasdaq.com/symbol/mbi
FFIN,"First Financial Bankshares, Inc.",26.6,1705826000,n/a,n/a,Finance,Major Banks,http://www.nasdaq.com/symbol/ffin
NGHC,National General Holdings Corp,18.04,1685084144,n/a,n/a,Finance,Property-Casualty Insurers,http://www.nasdaq.com/symbol/nghc
ONB,Old National Bancorp,13.94,1670388380,n/a,n/a,Finance,Major Banks,http://www.nasdaq.com/symbol/onb
IBOC,International Bancshares Corporation,24.86,1650838493,n/a,n/a,Finance,Major Banks,http://www.nasdaq.com/symbol/iboc
CVBF,CVB Financial Corporation,15.54,1647728205,n/a,n/a,Finance,Major Banks,http://www.nasdaq.com/symbol/cvbf
ABM,ABM Industries Incorporated,29.37,1641328294,n/a,n/a,Finance,Diversified Commercial Services,http://www.nasdaq.com/symbol/abm
COLB,"Columbia Banking System, Inc.",28.24,1622467496,n/a,1992,Finance,Major Banks,http://www.nasdaq.com/symbol/colb
SSB,South State Corporation,66.53,1607149176,n/a,n/a,Finance,Major Banks,http://www.nasdaq.com/symbol/ssb
TRMK,Trustmark Corporation,23.62,1594941468,n/a,n/a,Finance,Major Banks,http://www.nasdaq.com/symbol/trmk
NFJ,"AllianzGI NFJ Dividend, Interest & Premium Strategy Fund",16.47,1556815633,n/a,2005,Finance,Finance: Consumer Services,http://www.nasdaq.com/symbol/nfj
PNFP,"Pinnacle Financial Partners, Inc.",42.24,1512603671,n/a,n/a,Finance,Major Banks,http://www.nasdaq.com/symbol/pnfp
NPBC,"National Penn Bancshares, Inc.",10.72,1501393802,n/a,n/a,Finance,Major Banks,http://www.nasdaq.com/symbol/npbc
SIGI,"Selective Insurance Group, Inc.",26.39,1501019102,n/a,n/a,Finance,Property-Casualty Insurers,http://www.nasdaq.com/symbol/sigi
IILG,"Interval Leisure Group, Inc.",25.5,1456070910,n/a,n/a,Finance,Real Estate,http://www.nasdaq.com/symbol/iilg
CBU,"Community Bank System, Inc.",35.12,1432639905,n/a,n/a,Finance,Major Banks,http://www.nasdaq.com/symbol/cbu
FFG,"FBL Financial Group, Inc.",57.38,1414571295,n/a,1996,Finance,Life Insurance,http://www.nasdaq.com/symbol/ffg
HAWKB,"Blackhawk Network Holdings, Inc.",33.73,1364074930,n/a,n/a,Finance,Finance: Consumer Services,http://www.nasdaq.com/symbol/hawkb
FMBI,"First Midwest Bancorp, Inc.",17.28,1347128323,n/a,n/a,Finance,Major Banks,http://www.nasdaq.com/symbol/fmbi
HMN,Horace Mann Educators Corporation,32.7,1343510565,n/a,1991,Finance,Property-Casualty Insurers,http://www.nasdaq.com/symbol/hmn
BOFI,"BofI Holding, Inc.",88.74,1337893668,n/a,2005,Finance,Savings Institutions,http://www.nasdaq.com/symbol/bofi
PRK,Park National Corporation,84.85,1304220101,n/a,n/a,Finance,Major Banks,http://www.nasdaq.com/symbol/prk
CBF,Capital Bank Financial Corp.,27.23,1295955239,n/a,2012,Finance,Major Banks,http://www.nasdaq.com/symbol/cbf
SFN,Stifel Financial Corporation,26.1773,1283444172,n/a,n/a,Finance,Investment Bankers/Brokers/Service,http://www.nasdaq.com/symbol/sfn
AF,Astoria Financial Corporation,12.8,1279138816,n/a,n/a,Finance,Savings Institutions,http://www.nasdaq.com/symbol/af
WSBC,"WesBanco, Inc.",32.77,1261023976,n/a,n/a,Finance,Major Banks,http://www.nasdaq.com/symbol/wsbc
STL,Sterling Bancorp,13.74,1248883876,n/a,n/a,Finance,Major Banks,http://www.nasdaq.com/symbol/stl
FIBK,"First Interstate BancSystem, Inc.",26.96,1234948201,n/a,2010,Finance,Major Banks,http://www.nasdaq.com/symbol/fibk
PFS,"Provident Financial Services, Inc",18.26,1192620639,n/a,2003,Finance,Savings Institutions,http://www.nasdaq.com/symbol/pfs
VRTS,"Virtus Investment Partners, Inc.",130,1167111920,n/a,n/a,Finance,Investment Managers,http://www.nasdaq.com/symbol/vrts
UCBI,"United Community Banks, Inc.",18.98,1144413677,n/a,n/a,Finance,Major Banks,http://www.nasdaq.com/symbol/ucbi
AMBC,"Ambac Financial Group, Inc.",24.94,1122389734,n/a,n/a,Finance,Property-Casualty Insurers,http://www.nasdaq.com/symbol/ambc
OCN,Ocwen Financial Corporation,8.91,1121009966,n/a,n/a,Finance,Finance: Consumer Services,http://www.nasdaq.com/symbol/ocn
WABC,Westamerica Bancorporation,43.54,1115506295,n/a,n/a,Finance,Major Banks,http://www.nasdaq.com/symbol/wabc
LTXB,"LegacyTexas Financial Group, Inc.",23.37,1114424648,n/a,n/a,Finance,Savings Institutions,http://www.nasdaq.com/symbol/ltxb
NWBI,"Northwest Bancshares, Inc.",11.71,1108733269,n/a,2009,Finance,Major Banks,http://www.nasdaq.com/symbol/nwbi
EGBN,"Eagle Bancorp, Inc.",36.3,1106532138,n/a,n/a,Finance,Major Banks,http://www.nasdaq.com/symbol/egbn
BBCN,"BBCN Bancorp, Inc.",13.91,1105963958,n/a,n/a,Finance,Major Banks,http://www.nasdaq.com/symbol/bbcn
GHL,"Greenhill & Co., Inc.",37.3,1062277293,n/a,2004,Finance,Investment Bankers/Brokers/Service,http://www.nasdaq.com/symbol/ghl
NAVG,"The Navigators Group, Inc.",73.99,1057314880,n/a,1986,Finance,Property-Casualty Insurers,http://www.nasdaq.com/symbol/navg
NBTB,NBT Bancorp Inc.,23.83,1053612876,n/a,n/a,Finance,Major Banks,http://www.nasdaq.com/symbol/nbtb
FFBC,First Financial Bancorp.,17.01,1045619056,n/a,n/a,Finance,Major Banks,http://www.nasdaq.com/symbol/ffbc
RSE,"Rouse Properties, Inc.",18.05,1042254020,n/a,2011,Finance,Real Estate,http://www.nasdaq.com/symbol/rse
BPFH,"Boston Private Financial Holdings, Inc.",12.48,1037412592,n/a,n/a,Finance,Major Banks,http://www.nasdaq.com/symbol/bpfh
ECPG,Encore Capital Group Inc,40.04,1033195243,n/a,n/a,Finance,Finance Companies,http://www.nasdaq.com/symbol/ecpg
INDB,Independent Bank Corp.,41.03,985528208.9,n/a,n/a,Finance,Major Banks,http://www.nasdaq.com/symbol/indb
CHFC,Chemical Financial Corporation,29.93,981334484.2,n/a,n/a,Finance,Major Banks,http://www.nasdaq.com/symbol/chfc
UBSH,Union Bankshares Corporation,21.43,965523035.3,n/a,n/a,Finance,Major Banks,http://www.nasdaq.com/symbol/ubsh
BANF,BancFirst Corporation,59.93,928108701.8,n/a,1993,Finance,Major Banks,http://www.nasdaq.com/symbol/banf
STFC,State Auto Financial Corporation,22.45,921593401,n/a,1991,Finance,Property-Casualty Insurers,http://www.nasdaq.com/symbol/stfc
NWLI,National Western Life Insurance Company,252.52,918204638.3,n/a,n/a,Finance,Life Insurance,http://www.nasdaq.com/symbol/nwli
RNST,Renasant Corporation,28.71,907355376.2,n/a,n/a,Finance,Major Banks,http://www.nasdaq.com/symbol/rnst
KRNY,Kearny Financial,13.33,898112042.5,n/a,n/a,Finance,Savings Institutions,http://www.nasdaq.com/symbol/krny
IPCC,Infinity Property and Casualty Corporation,78.06,895657864,n/a,2003,Finance,Property-Casualty Insurers,http://www.nasdaq.com/symbol/ipcc
PJC,Piper Jaffray Companies,53.36,892995608,n/a,n/a,Finance,Investment Bankers/Brokers/Service,http://www.nasdaq.com/symbol/pjc
UVE,UNIVERSAL INSURANCE HOLDINGS INC,25,882750425,n/a,n/a,Finance,Property-Casualty Insurers,http://www.nasdaq.com/symbol/uve
STC,Stewart Information Services Corporation,36.55,876589578.5,n/a,n/a,Finance,Specialty Insurers,http://www.nasdaq.com/symbol/stc
SAFT,"Safety Insurance Group, Inc.",58.16,872987125.2,n/a,2002,Finance,Property-Casualty Insurers,http://www.nasdaq.com/symbol/saft
STBA,"S&T Bancorp, Inc.",28.97,863201621.1,n/a,n/a,Finance,Major Banks,http://www.nasdaq.com/symbol/stba
BANR,Banner Corporation,44.02,861546806.3,n/a,n/a,Finance,Major Banks,http://www.nasdaq.com/symbol/banr
FRME,First Merchants Corporation,22.81,859494577.2,n/a,n/a,Finance,Major Banks,http://www.nasdaq.com/symbol/frme
BNCL,"Beneficial Bancorp, Inc.",11.14,837233294.9,n/a,n/a,Finance,Savings Institutions,http://www.nasdaq.com/symbol/bncl
FBC,"Flagstar Bancorp, Inc.",14.84,835063361.4,n/a,n/a,Finance,Savings Institutions,http://www.nasdaq.com/symbol/fbc
CPF,CPB Inc.,23.31,810273688.6,n/a,n/a,Finance,Major Banks,http://www.nasdaq.com/symbol/cpf
SFBS,"ServisFirst Bancshares, Inc.",31.8,788688272.4,n/a,2014,Finance,Major Banks,http://www.nasdaq.com/symbol/sfbs
WRLD,World Acceptance Corporation,82.2,783486998.4,n/a,1991,Finance,Finance: Consumer Services,http://www.nasdaq.com/symbol/wrld
ITG,"Investment Technology Group, Inc.",22.5,782751825,n/a,n/a,Finance,Investment Bankers/Brokers/Service,http://www.nasdaq.com/symbol/itg
FCF,First Commonwealth Financial Corporation,8.62,780310647.7,n/a,n/a,Finance,Major Banks,http://www.nasdaq.com/symbol/fcf
WIBC,"Wilshire Bancorp, Inc.",9.88,773895993.5,n/a,n/a,Finance,Major Banks,http://www.nasdaq.com/symbol/wibc
TMP,Tompkins Financial Corporation,52.15,769894517.7,n/a,n/a,Finance,Major Banks,http://www.nasdaq.com/symbol/tmp
SFNC,Simmons First National Corporation,42.57,767197008.3,n/a,n/a,Finance,Major Banks,http://www.nasdaq.com/symbol/sfnc
AMSF,"AMERISAFE, Inc.",40.25,761537486.5,n/a,2005,Finance,Property-Casualty Insurers,http://www.nasdaq.com/symbol/amsf
GFIG,GFI Group Inc.,5.83,742296156.6,n/a,2005,Finance,Investment Bankers/Brokers/Service,http://www.nasdaq.com/symbol/gfig
SRCE,1st Source Corporation,30.99,740045972.5,n/a,n/a,Finance,Major Banks,http://www.nasdaq.com/symbol/srce
BRKL,"Brookline Bancorp, Inc.",9.68,733206227.6,n/a,n/a,Finance,Savings Institutions,http://www.nasdaq.com/symbol/brkl
DGICB,"Donegal Group, Inc.",27,727172964,n/a,1986,Finance,Property-Casualty Insurers,http://www.nasdaq.com/symbol/dgicb
ABCB,Ameris Bancorp,25.4,715279189.2,n/a,1994,Finance,Major Banks,http://www.nasdaq.com/symbol/abcb
CRVL,CorVel Corp.,34.9,711638954.9,n/a,n/a,Finance,Specialty Insurers,http://www.nasdaq.com/symbol/crvl
NFBK,"Northfield Bancorp, Inc.",14.49,709733183,n/a,n/a,Finance,Savings Institutions,http://www.nasdaq.com/symbol/nfbk
WSFS,WSFS Financial Corporation,75.3,707719248.6,n/a,n/a,Finance,Major Banks,http://www.nasdaq.com/symbol/wsfs
UFCS,"United Fire Group, Inc",28.26,706175094.8,n/a,n/a,Finance,Property-Casualty Insurers,http://www.nasdaq.com/symbol/ufcs
LTS,Ladenburg Thalmann Financial Services Inc,3.81,706116497.3,n/a,n/a,Finance,Investment Bankers/Brokers/Service,http://www.nasdaq.com/symbol/lts
CHCO,City Holding Company,45.67,692811251.1,n/a,n/a,Finance,Major Banks,http://www.nasdaq.com/symbol/chco
EBSB,"Meridian Bancorp, Inc.",12.45,681120725.4,n/a,n/a,Finance,Major Banks,http://www.nasdaq.com/symbol/ebsb
BHLB,"Berkshire Hills Bancorp, Inc.",26.53,668112524.5,n/a,n/a,Finance,Banks,http://www.nasdaq.com/symbol/bhlb
EFC,Ellington Financial LLC,19.85,663976108.3,n/a,2010,Finance,Real Estate,http://www.nasdaq.com/symbol/efc
STBZ,State Bank Financial Corporation.,20.49,661245166,n/a,n/a,Finance,Major Banks,http://www.nasdaq.com/symbol/stbz
HAFC,Hanmi Financial Corporation,20.56,655946877.4,n/a,n/a,Finance,Major Banks,http://www.nasdaq.com/symbol/hafc
LKFN,Lakeland Financial Corporation,39.22,649015462.3,n/a,n/a,Finance,Major Banks,http://www.nasdaq.com/symbol/lkfn
SASR,"Sandy Spring Bancorp, Inc.",25.52,639043512.8,n/a,n/a,Finance,Major Banks,http://www.nasdaq.com/symbol/sasr
TRST,TrustCo Bank Corp NY,6.7,635784560.6,n/a,n/a,Finance,Major Banks,http://www.nasdaq.com/symbol/trst
ORIT,Oritani Financial Corp.,14.35,633391349.5,n/a,n/a,Finance,Major Banks,http://www.nasdaq.com/symbol/orit
IBTX,"Independent Bank Group, Inc",36.96,632747549.3,n/a,2013,Finance,Major Banks,http://www.nasdaq.com/symbol/ibtx
WLRH,WL Ross Holding Corp.,10,625312500,n/a,n/a,Finance,Business Services,http://www.nasdaq.com/symbol/wlrh
XOOM,Xoom Corporation,16.09,622667585.8,n/a,2013,Finance,Investment Bankers/Brokers/Service,http://www.nasdaq.com/symbol/xoom
WASH,"Washington Trust Bancorp, Inc.",37.18,621844683.5,n/a,n/a,Finance,Major Banks,http://www.nasdaq.com/symbol/wash
FNBC,First NBC Bank Holding Company,33.33,619107683,n/a,2013,Finance,Major Banks,http://www.nasdaq.com/symbol/fnbc
CFNL,Cardinal Financial Corporation,19.31,618494993.9,n/a,1998,Finance,Major Banks,http://www.nasdaq.com/symbol/cfnl
CUBI,"Customers Bancorp, Inc",22.99,616298769.5,n/a,n/a,Finance,Major Banks,http://www.nasdaq.com/symbol/cubi
YDKN,Yadkin Financial Corporation,19.5,616178686.5,n/a,n/a,Finance,Major Banks,http://www.nasdaq.com/symbol/ydkn
BLW,Citigroup Inc.,15.85,586428047.8,n/a,2003,Finance,Major Banks,http://www.nasdaq.com/symbol/blw
COWN,"Cowen Group, Inc.",5.21,582143710.8,n/a,n/a,Finance,Investment Bankers/Brokers/Service,http://www.nasdaq.com/symbol/cown
TREE,"LendingTree, Inc.",51.11,578889084.1,n/a,n/a,Finance,Finance: Consumer Services,http://www.nasdaq.com/symbol/tree
FFIC,Flushing Financial Corporation,19.52,578777681.9,n/a,n/a,Finance,Major Banks,http://www.nasdaq.com/symbol/ffic
FSAM,Fifth Street Asset Management Inc.,11.83,577976973.2,n/a,2014,Finance,Investment Managers,http://www.nasdaq.com/symbol/fsam
WAC,Walter Investment Management Corp.,15.29,576713158.7,n/a,n/a,Finance,Finance: Consumer Services,http://www.nasdaq.com/symbol/wac
HTLF,"Heartland Financial USA, Inc.",30.97,572321542.9,n/a,n/a,Finance,Major Banks,http://www.nasdaq.com/symbol/htlf
GTY,Getty Realty Corporation,17.09,571094359.6,n/a,n/a,Finance,Real Estate,http://www.nasdaq.com/symbol/gty
DCOM,"Dime Community Bancshares, Inc.",15.48,570487102.6,n/a,n/a,Finance,Savings Institutions,http://www.nasdaq.com/symbol/dcom
AI,Arlington Asset Investment Corp,24.67,566590734,n/a,n/a,Finance,Finance/Investors Services,http://www.nasdaq.com/symbol/ai
CTBI,"Community Trust Bancorp, Inc.",32.21,561655336.4,n/a,n/a,Finance,Major Banks,http://www.nasdaq.com/symbol/ctbi
INTL,INTL FCStone Inc.,29.43,555230088.2,n/a,n/a,Finance,Investment Bankers/Brokers/Service,http://www.nasdaq.com/symbol/intl
SBSI,"Southside Bancshares, Inc.",29.3,554279878.6,n/a,n/a,Finance,Major Banks,http://www.nasdaq.com/symbol/sbsi
BUSE,First Busey Corporation,6.36,552379457.8,n/a,n/a,Finance,Major Banks,http://www.nasdaq.com/symbol/buse
BNCN,BNC Bancorp,16.64,544015081,n/a,n/a,Finance,Major Banks,http://www.nasdaq.com/symbol/bncn
NATL,National Interstate Corporation,26.93,532704295.9,n/a,2005,Finance,Property-Casualty Insurers,http://www.nasdaq.com/symbol/natl
TCBK,TriCo Bancshares,23.43,532211606.5,n/a,n/a,Finance,Major Banks,http://www.nasdaq.com/symbol/tcbk
CSFL,"CenterState Banks, Inc.",11.77,532205843.7,n/a,n/a,Finance,Major Banks,http://www.nasdaq.com/symbol/csfl
HCI,"HCI Group, Inc.",47.46,521526692,n/a,n/a,Finance,Property-Casualty Insurers,http://www.nasdaq.com/symbol/hci
HVB,Hudson Valley Holding Corp.,26.04,520837862.2,n/a,n/a,Finance,Major Banks,http://www.nasdaq.com/symbol/hvb
GSBC,"Great Southern Bancorp, Inc.",37.22,510943914.6,n/a,1989,Finance,Major Banks,http://www.nasdaq.com/symbol/gsbc
WHG,Westwood Holdings Group Inc,60.32,506964567.2,n/a,n/a,Finance,Investment Managers,http://www.nasdaq.com/symbol/whg
KCLI,Kansas City Life Insurance Company,46.14,499474958.7,n/a,n/a,Finance,Life Insurance,http://www.nasdaq.com/symbol/kcli
FITBI,Fifth Third Bancorp,27.72,498960000,n/a,n/a,Finance,Major Banks,http://www.nasdaq.com/symbol/fitbi
TRC,Tejon Ranch Co,23.85,492257512.8,n/a,n/a,Finance,Real Estate,http://www.nasdaq.com/symbol/trc
SYBT,"Stock Yards Bancorp, Inc.",33.41,489203853.6,n/a,n/a,Finance,Major Banks,http://www.nasdaq.com/symbol/sybt
HFWA,Heritage Financial Corporation,16.15,488630249.5,n/a,n/a,Finance,Banks,http://www.nasdaq.com/symbol/hfwa
RBCAA,"Republic Bancorp, Inc.",23.31,485220960,n/a,1998,Finance,Major Banks,http://www.nasdaq.com/symbol/rbcaa
DHIL,"Diamond Hill Investment Group, Inc.",142.38,470645775.2,n/a,n/a,Finance,Investment Managers,http://www.nasdaq.com/symbol/dhil
COBZ,CoBiz Financial Inc.,11.5,468990021.5,n/a,1998,Finance,Major Banks,http://www.nasdaq.com/symbol/cobz
NEWS,"NewStar Financial, Inc.",9.82,462334585.3,n/a,2006,Finance,Finance: Consumer Services,http://www.nasdaq.com/symbol/news
HAWK,"Blackhawk Network Holdings, Inc.",33.89,442806740,n/a,2013,Finance,Finance: Consumer Services,http://www.nasdaq.com/symbol/hawk
WSBF,"Waterstone Financial, Inc.",12.72,437823595.7,n/a,n/a,Finance,Savings Institutions,http://www.nasdaq.com/symbol/wsbf
SBCF,Seacoast Banking Corporation of Florida,13.17,436180535.7,n/a,n/a,Finance,Major Banks,http://www.nasdaq.com/symbol/sbcf
THFF,First Financial Corporation Indiana,33.58,433376999.1,n/a,n/a,Finance,Major Banks,http://www.nasdaq.com/symbol/thff
GCAP,"GAIN Capital Holdings, Inc.",10,430882340,n/a,2010,Finance,Investment Bankers/Brokers/Service,http://www.nasdaq.com/symbol/gcap
NMIH,NMI Holdings Inc,7.32,428363164.6,n/a,2013,Finance,Property-Casualty Insurers,http://www.nasdaq.com/symbol/nmih
AAMC,Altisource Asset Management Corp,195.25,427573093.8,n/a,n/a,Finance,Real Estate,http://www.nasdaq.com/symbol/aamc
SNC,"State National Companies, Inc.",9.55,422559824.1,n/a,n/a,Finance,Property-Casualty Insurers,http://www.nasdaq.com/symbol/snc
WLRHU,WL Ross Holding Corp.,10.54,421600000,n/a,2014,Finance,Business Services,http://www.nasdaq.com/symbol/wlrhu
MIG,"Meadowbrook Insurance Group, Inc.",8.4,420761804.4,n/a,1995,Finance,Property-Casualty Insurers,http://www.nasdaq.com/symbol/mig
MSFG,"MainSource Financial Group, Inc.",19.13,414873744.8,n/a,n/a,Finance,Major Banks,http://www.nasdaq.com/symbol/msfg
EMCI,EMC Insurance Group Inc.,30.61,414654814.2,n/a,1982,Finance,Property-Casualty Insurers,http://www.nasdaq.com/symbol/emci
LBAI,"Lakeland Bancorp, Inc.",10.82,410192875.9,n/a,n/a,Finance,Major Banks,http://www.nasdaq.com/symbol/lbai
BMTC,Bryn Mawr Bank Corporation,29.56,405926699.3,n/a,n/a,Finance,Major Banks,http://www.nasdaq.com/symbol/bmtc
FNHC,Federated National Holding Company,28.95,405556033.8,n/a,n/a,Finance,Property-Casualty Insurers,http://www.nasdaq.com/symbol/fnhc
NTRSP,Northern Trust Corporation,25.32,405120000,n/a,n/a,Finance,Major Banks,http://www.nasdaq.com/symbol/ntrsp
DGICA,"Donegal Group, Inc.",14.8,398598513.6,n/a,n/a,Finance,Property-Casualty Insurers,http://www.nasdaq.com/symbol/dgica
PICO,PICO Holdings Inc.,17.29,397749845.2,n/a,n/a,Finance,Real Estate,http://www.nasdaq.com/symbol/pico
EFSC,Enterprise Financial Services Corporation,20.04,397570353.6,n/a,n/a,Finance,Major Banks,http://www.nasdaq.com/symbol/efsc
BSF,"Bear State Financial, Inc.",10.66,394424072.1,n/a,n/a,Finance,Savings Institutions,http://www.nasdaq.com/symbol/bsf
SFE,"Safeguard Scientifics, Inc.",18.63,382581376.5,n/a,n/a,Finance,Finance/Investors Services,http://www.nasdaq.com/symbol/sfe
GABC,"German American Bancorp, Inc.",28.26,373325762.7,n/a,n/a,Finance,Major Banks,http://www.nasdaq.com/symbol/gabc
BKYF,The Bank of Kentucky Financial Corp.,48.13,370208836.8,n/a,n/a,Finance,Savings Institutions,http://www.nasdaq.com/symbol/bkyf
CSBK,Clifton Bancorp Inc.,13.39,363570368.2,n/a,n/a,Finance,Savings Institutions,http://www.nasdaq.com/symbol/csbk
METR,"Metro Bancorp, Inc",25.38,360566122.1,n/a,n/a,Finance,Major Banks,http://www.nasdaq.com/symbol/metr
AGM,Federal Agricultural Mortgage Corporation,32.79,358584586.9,n/a,n/a,Finance,Finance Companies,http://www.nasdaq.com/symbol/agm
CIA,"Citizens, Inc.",7.05,353076887.4,n/a,n/a,Finance,Life Insurance,http://www.nasdaq.com/symbol/cia
PEBO,Peoples Bancorp Inc.,23.7,352974978.3,n/a,n/a,Finance,Major Banks,http://www.nasdaq.com/symbol/pebo
BBNK,Bridge Capital Holdings,21.89,350984675.9,n/a,n/a,Finance,Major Banks,http://www.nasdaq.com/symbol/bbnk
GBNK,Guaranty Bancorp,16.1,350131369,n/a,n/a,Finance,Major Banks,http://www.nasdaq.com/symbol/gbnk
BWINA,"Baldwin & Lyons, Inc.",23.25,348173144.3,n/a,n/a,Finance,Property-Casualty Insurers,http://www.nasdaq.com/symbol/bwina
ATAX,"America First Multifamily Investors, L.P.",5.73,345249277.4,n/a,n/a,Finance,Finance: Consumer Services,http://www.nasdaq.com/symbol/atax
FLIC,The First of Long Island Corporation,24.89,344992424.8,n/a,n/a,Finance,Major Banks,http://www.nasdaq.com/symbol/flic
BWINB,"Baldwin & Lyons, Inc.",23,344429347,n/a,n/a,Finance,Property-Casualty Insurers,http://www.nasdaq.com/symbol/bwinb
CACB,Cascade Bancorp,4.75,344290853.8,n/a,n/a,Finance,Major Banks,http://www.nasdaq.com/symbol/cacb
TBBK,"The Bancorp, Inc.",9.08,342396467,n/a,n/a,Finance,Major Banks,http://www.nasdaq.com/symbol/tbbk
SNBC,"Sun Bancorp, Inc.",18.19,338081777.5,n/a,n/a,Finance,Commercial Banks,http://www.nasdaq.com/symbol/snbc
LION,Fidelity Southern Corporation,15.7,334846554.2,n/a,n/a,Finance,Major Banks,http://www.nasdaq.com/symbol/lion
AROW,Arrow Financial Corporation,26.32,331818924.6,n/a,n/a,Finance,Major Banks,http://www.nasdaq.com/symbol/arow
BANC,"Banc of California, Inc.",11.55,330740325.3,n/a,n/a,Finance,Major Banks,http://www.nasdaq.com/symbol/banc
BKMU,Bank Mutual Corporation,7.1,330606416.4,n/a,n/a,Finance,Savings Institutions,http://www.nasdaq.com/symbol/bkmu
FBNC,First Bancorp,16.71,329276916.5,n/a,1987,Finance,Major Banks,http://www.nasdaq.com/symbol/fbnc
OKSB,"Southwest Bancorp, Inc.",16.66,324135427.3,n/a,1993,Finance,Major Banks,http://www.nasdaq.com/symbol/oksb
HTBI,"HomeTrust Bancshares, Inc.",15.87,323721354.3,n/a,2012,Finance,Savings Institutions,http://www.nasdaq.com/symbol/htbi
CTO,Consolidated-Tomoka Land Co.,55.05,322988259,n/a,n/a,Finance,Real Estate,http://www.nasdaq.com/symbol/cto
FISI,"Financial Institutions, Inc.",22.87,322426108.4,n/a,1999,Finance,Major Banks,http://www.nasdaq.com/symbol/fisi
PNX,"Phoenix Companies, Inc. (The)",56.55,322335000,n/a,2001,Finance,Life Insurance,http://www.nasdaq.com/symbol/pnx
MBWM,Mercantile Bank Corporation,19.01,320561809,n/a,1998,Finance,Major Banks,http://www.nasdaq.com/symbol/mbwm
AUMA,AR Capital Acquisition Corp.,10.48,314400000,n/a,2014,Finance,Business Services,http://www.nasdaq.com/symbol/auma
ABCW,Anchor BanCorp Wisconsin Inc.,33.67,311289251,n/a,2014,Finance,Banks,http://www.nasdaq.com/symbol/abcw
FCBC,"First Community Bancshares, Inc.",16.63,308413644,n/a,n/a,Finance,Major Banks,http://www.nasdaq.com/symbol/fcbc
UVSP,Univest Corporation of Pennsylvania,18.97,307594850.9,n/a,n/a,Finance,Major Banks,http://www.nasdaq.com/symbol/uvsp
NBBC,NewBridge Bancorp,8.26,307235185.2,n/a,n/a,Finance,Major Banks,http://www.nasdaq.com/symbol/nbbc
PSTB,Park Sterling Corporation,6.66,298695958.4,n/a,2010,Finance,Major Banks,http://www.nasdaq.com/symbol/pstb
BMRC,Bank of Marin Bancorp,50.31,298509756.5,n/a,n/a,Finance,Major Banks,http://www.nasdaq.com/symbol/bmrc
PFIS,Peoples Financial Services Corp. ,39.42,297556272.4,n/a,n/a,Finance,Major Banks,http://www.nasdaq.com/symbol/pfis
IBCP,Independent Bank Corporation,12.79,293558625.2,n/a,n/a,Finance,Major Banks,http://www.nasdaq.com/symbol/ibcp
GNBC,"Green Bancorp, Inc.",11.21,293376338.3,n/a,2014,Finance,Major Banks,http://www.nasdaq.com/symbol/gnbc
BDGE,"Bridge Bancorp, Inc.",25.05,291850586.1,n/a,n/a,Finance,Major Banks,http://www.nasdaq.com/symbol/bdge
FDEF,First Defiance Financial Corp.,31.57,291159881.3,n/a,n/a,Finance,Savings Institutions,http://www.nasdaq.com/symbol/fdef
TIPT,Tiptree Financial Inc.,6.99,290784000,n/a,n/a,Finance,Specialty Insurers,http://www.nasdaq.com/symbol/tipt
OCFC,OceanFirst Financial Corp.,16.45,289075241.4,n/a,n/a,Finance,Savings Institutions,http://www.nasdaq.com/symbol/ocfc
HMPR,Hampton Roads Bankshares Inc,1.65,280983323,n/a,n/a,Finance,Major Banks,http://www.nasdaq.com/symbol/hmpr
BLVDU,Boulevard Acquisition Corp.,10.114,278767125,n/a,2014,Finance,Business Services,http://www.nasdaq.com/symbol/blvdu
TSC,"TriState Capital Holdings, Inc.",9.89,278712275.7,n/a,2013,Finance,Major Banks,http://www.nasdaq.com/symbol/tsc
CAC,Camden National Corporation,37.31,276895120.3,n/a,n/a,Finance,Major Banks,http://www.nasdaq.com/symbol/cac
BPOPN,"Popular, Inc.",22.78,273360000,n/a,n/a,Finance,Major Banks,http://www.nasdaq.com/symbol/bpopn
WTBA,West Bancorporation,17.02,272638852.7,n/a,n/a,Finance,Major Banks,http://www.nasdaq.com/symbol/wtba
PPBI,Pacific Premier Bancorp Inc,16.05,271152166.8,n/a,n/a,Finance,Major Banks,http://www.nasdaq.com/symbol/ppbi
CCBG,Capital City Bank Group,15.45,269338104.2,n/a,n/a,Finance,Major Banks,http://www.nasdaq.com/symbol/ccbg
BLVD,Boulevard Acquisition Corp.,9.7,267356250,n/a,2014,Finance,Business Services,http://www.nasdaq.com/symbol/blvd
SUBK,Suffolk Bancorp,22.54,263145957.3,n/a,n/a,Finance,Major Banks,http://www.nasdaq.com/symbol/subk
TAXI,Medallion Financial Corp.,10.31,259428375.2,n/a,1996,Finance,Finance: Consumer Services,http://www.nasdaq.com/symbol/taxi
HEOP,Heritage Oaks Bancorp,7.81,258469739.8,n/a,n/a,Finance,Major Banks,http://www.nasdaq.com/symbol/heop
TRTL,Terrapin 3 Acquisition Corporation,9.7,257959375,n/a,2014,Finance,Business Services,http://www.nasdaq.com/symbol/trtl
UCFC,United Community Financial Corp.,5.18,257387046.4,n/a,n/a,Finance,Banks,http://www.nasdaq.com/symbol/ucfc
SLMBP,SLM Corporation,64,256000000,n/a,n/a,Finance,Finance: Consumer Services,http://www.nasdaq.com/symbol/slmbp
BFIN,BankFinancial Corporation,12.11,255544808.3,n/a,n/a,Finance,Savings Institutions,http://www.nasdaq.com/symbol/bfin
CLMS,"Calamos Asset Management, Inc.",12.42,254990933.8,n/a,2004,Finance,Investment Bankers/Brokers/Service,http://www.nasdaq.com/symbol/clms
CLACU,Capitol Acquisition Corp. II,10.1805,254512500,n/a,2013,Finance,Business Services,http://www.nasdaq.com/symbol/clacu
PGC,Peapack-Gladstone Financial Corporation,20.41,250822265.9,n/a,n/a,Finance,Commercial Banks,http://www.nasdaq.com/symbol/pgc
CLAC,Capitol Acquisition Corp. II,9.87,246750000,n/a,2013,Finance,Business Services,http://www.nasdaq.com/symbol/clac
BBX,BBX Capital Corporation,13.9,244134748.9,n/a,n/a,Finance,Savings Institutions,http://www.nasdaq.com/symbol/bbx
MRLN,Marlin Business Services Corp.,19.01,243721773.1,n/a,2003,Finance,Major Banks,http://www.nasdaq.com/symbol/mrln
CCNE,CNB Financial Corporation,16.95,243555380.6,n/a,n/a,Finance,Major Banks,http://www.nasdaq.com/symbol/ccne
HBOS,Heritage Financial Group,25.98,238708500.7,n/a,n/a,Finance,Savings Institutions,http://www.nasdaq.com/symbol/hbos
CZNC,Citizens & Northern Corp,19.29,236553790.8,n/a,n/a,Finance,Major Banks,http://www.nasdaq.com/symbol/cznc
FBNK,"First Connecticut Bancorp, Inc.",14.76,236548468.4,n/a,2011,Finance,Banks,http://www.nasdaq.com/symbol/fbnk
COB,CommunityOne Bancorp,9.74,235577454.8,n/a,n/a,Finance,Major Banks,http://www.nasdaq.com/symbol/cob
OPY,"Oppenheimer Holdings, Inc.",20.91,235258410,n/a,n/a,Finance,Investment Bankers/Brokers/Service,http://www.nasdaq.com/symbol/opy
PCBK,Pacific Continental Corporation (Ore),13.25,234753085.5,n/a,n/a,Finance,Major Banks,http://www.nasdaq.com/symbol/pcbk
MOFG,"MidWestOne Financial Group, Inc.",28.02,233958285.8,n/a,n/a,Finance,Major Banks,http://www.nasdaq.com/symbol/mofg
CASH,"Meta Financial Group, Inc.",36.38,233603910.8,n/a,1993,Finance,Savings Institutions,http://www.nasdaq.com/symbol/cash
TBK,"Triumph Bancorp, Inc.",12.9,231732800.7,n/a,2014,Finance,Major Banks,http://www.nasdaq.com/symbol/tbk
HTWO,HF2 Financial Management Inc.,9.62,228880483,n/a,2013,Finance,Investment Managers,http://www.nasdaq.com/symbol/htwo
CARO,Carolina Financial Corporation,13.99,226541077.3,n/a,n/a,Finance,Major Banks,http://www.nasdaq.com/symbol/caro
PLMT,"Palmetto Bancshares, Inc. (SC)",17.52,224142873.4,n/a,n/a,Finance,Major Banks,http://www.nasdaq.com/symbol/plmt
ATLO,Ames National Corporation,24.07,224113675.9,n/a,n/a,Finance,Major Banks,http://www.nasdaq.com/symbol/atlo
BSRR,Sierra Bancorp,16.14,222531654.2,n/a,n/a,Finance,Major Banks,http://www.nasdaq.com/symbol/bsrr
HTBK,Heritage Commerce Corp,8.29,219031358.4,n/a,n/a,Finance,Major Banks,http://www.nasdaq.com/symbol/htbk
FBRC,FBR & Co,24.58,218276446.7,n/a,n/a,Finance,Investment Bankers/Brokers/Service,http://www.nasdaq.com/symbol/fbrc
PWOD,"Penns Woods Bancorp, Inc.",45,216355635,n/a,n/a,Finance,Major Banks,http://www.nasdaq.com/symbol/pwod
TBNK,Territorial Bancorp Inc.,21.7,216340320,n/a,2009,Finance,Savings Institutions,http://www.nasdaq.com/symbol/tbnk
CNBKA,"Century Bancorp, Inc.",38.6,214921287.4,n/a,1987,Finance,Major Banks,http://www.nasdaq.com/symbol/cnbka
HBNC,Horizon Bancorp (IN),22.85,210466460.1,n/a,n/a,Finance,Major Banks,http://www.nasdaq.com/symbol/hbnc
HALL,"Hallmark Financial Services, Inc.",10.88,207637271,n/a,n/a,Finance,Property-Casualty Insurers,http://www.nasdaq.com/symbol/hall
REXI,"Resource America, Inc.",9.05,206861144.3,n/a,n/a,Finance,Finance/Investors Services,http://www.nasdaq.com/symbol/rexi
EBTC,Enterprise Bancorp Inc,20.34,206753903.3,n/a,n/a,Finance,Major Banks,http://www.nasdaq.com/symbol/ebtc
IHC,Independence Holding Company,11.84,205673113.6,n/a,n/a,Finance,Life Insurance,http://www.nasdaq.com/symbol/ihc
AFH,"Atlas Financial Holdings, Inc.",17.37,204472448.8,n/a,2013,Finance,Property-Casualty Insurers,http://www.nasdaq.com/symbol/afh
FXCB,"Fox Chase Bancorp, Inc.",16.61,199510865.5,n/a,n/a,Finance,Savings Institutions,http://www.nasdaq.com/symbol/fxcb
NKSH,"National Bankshares, Inc.",28.26,196420395.2,n/a,n/a,Finance,Major Banks,http://www.nasdaq.com/symbol/nksh
ANCX,Access National Corporation,18.7,195456027.8,n/a,n/a,Finance,Savings Institutions,http://www.nasdaq.com/symbol/ancx
LEVYU,Levy Acquisition Corp.,10.42,195375000,n/a,2013,Finance,Business Services,http://www.nasdaq.com/symbol/levyu
BHB,"Bar Harbor Bankshares, Inc.",32.85,195088496,n/a,n/a,Finance,Major Banks,http://www.nasdaq.com/symbol/bhb
CIFC,CIFC Corp.,7.67,192877382.6,n/a,n/a,Finance,Finance: Consumer Services,http://www.nasdaq.com/symbol/cifc
LEVY,Levy Acquisition Corp.,10,187500000,n/a,2014,Finance,Business Services,http://www.nasdaq.com/symbol/levy
TRTLU,Terrapin 3 Acquisition Corporation,10.08,186480000,n/a,2014,Finance,Business Services,http://www.nasdaq.com/symbol/trtlu
FFNW,"First Financial Northwest, Inc.",12,184550376,n/a,n/a,Finance,Banks,http://www.nasdaq.com/symbol/ffnw
NICK,"Nicholas Financial, Inc.",14.83,182568200.1,n/a,n/a,Finance,Finance Companies,http://www.nasdaq.com/symbol/nick
CPSS,"Consumer Portfolio Services, Inc.",7.1,181777324,n/a,1992,Finance,Finance: Consumer Services,http://www.nasdaq.com/symbol/cpss
MBVT,"Merchants Bancshares, Inc.",28.55,180768607.5,n/a,n/a,Finance,Major Banks,http://www.nasdaq.com/symbol/mbvt
FBIZ,"First Business Financial Services, Inc.",45.22,179667154.4,n/a,n/a,Finance,Major Banks,http://www.nasdaq.com/symbol/fbiz
MCBC,Macatawa Bank Corporation,5.26,178139310.1,n/a,n/a,Finance,Major Banks,http://www.nasdaq.com/symbol/mcbc
FNLC,"First Bancorp, Inc (ME)",16.41,175941078.6,n/a,n/a,Finance,Major Banks,http://www.nasdaq.com/symbol/fnlc
FFKT,Farmers Capital Bank Corporation,23.33,174684284.9,n/a,n/a,Finance,Major Banks,http://www.nasdaq.com/symbol/ffkt
BLMT,"BSB Bancorp, Inc.",18.985,172067244.1,n/a,2011,Finance,Major Banks,http://www.nasdaq.com/symbol/blmt
LNBB,"LNB Bancorp, Inc.",17.74,171464089.6,n/a,n/a,Finance,Major Banks,http://www.nasdaq.com/symbol/lnbb
AMNB,"American National Bankshares, Inc.",21.78,170895768.1,n/a,n/a,Finance,Major Banks,http://www.nasdaq.com/symbol/amnb
EHTH,"eHealth, Inc.",9.52,169626065.3,n/a,2006,Finance,Specialty Insurers,http://www.nasdaq.com/symbol/ehth
NRIM,Northrim BanCorp Inc,24.25,165726949.3,n/a,n/a,Finance,Savings Institutions,http://www.nasdaq.com/symbol/nrim
MSL,MidSouth Bancorp,14.59,165419829.7,n/a,n/a,Finance,Major Banks,http://www.nasdaq.com/symbol/msl
SAMG,Silvercrest Asset Management Group Inc.,13.45,164472289.4,n/a,2013,Finance,Investment Managers,http://www.nasdaq.com/symbol/samg
FNWB,First Northwest Bancorp,12.49,163623496.4,n/a,2015,Finance,Banks,http://www.nasdaq.com/symbol/fnwb
MFSF,MutualFirst Financial Inc.,22.59,162625206.7,n/a,n/a,Finance,Major Banks,http://www.nasdaq.com/symbol/mfsf
SLMAP,SLM Corporation,48.965,161584500,n/a,n/a,Finance,Finance: Consumer Services,http://www.nasdaq.com/symbol/slmap
VALU,"Value Line, Inc.",16.39,160832906.5,n/a,1983,Finance,Investment Managers,http://www.nasdaq.com/symbol/valu
OLBK,"Old Line Bancshares, Inc.",14.85,160251844.5,n/a,n/a,Finance,Major Banks,http://www.nasdaq.com/symbol/olbk
GRIF,"Griffin Land & Nurseries, Inc.",30.8,158606879.2,n/a,n/a,Finance,Real Estate,http://www.nasdaq.com/symbol/grif
OSBC,"Old Second Bancorp, Inc.",5.38,158400693,n/a,n/a,Finance,Major Banks,http://www.nasdaq.com/symbol/osbc
JMP,JMP Group LLC,7.51,154342380.8,n/a,2007,Finance,Investment Bankers/Brokers/Service,http://www.nasdaq.com/symbol/jmp
ROIQ,ROI Acquisition Corp. II,9.85,153906250,n/a,2013,Finance,Business Services,http://www.nasdaq.com/symbol/roiq
HBCP,"Home Bancorp, Inc.",21.5,152962094,n/a,n/a,Finance,Banks,http://www.nasdaq.com/symbol/hbcp
SIFI,"SI Financial Group, Inc.",11.85,151479995.7,n/a,n/a,Finance,Savings Institutions,http://www.nasdaq.com/symbol/sifi
PULB,Pulaski Financial Corp.,12.37,149234079.8,n/a,n/a,Finance,Savings Institutions,http://www.nasdaq.com/symbol/pulb
FMNB,Farmers National Banc Corp.,8.1,149109757.2,n/a,n/a,Finance,Major Banks,http://www.nasdaq.com/symbol/fmnb
TCBIP,"Texas Capital Bancshares, Inc.",24.8,148800000,n/a,n/a,Finance,Major Banks,http://www.nasdaq.com/symbol/tcbip
PROV,"Provident Financial Holdings, Inc.",16.35,147070686.2,n/a,n/a,Finance,Savings Institutions,http://www.nasdaq.com/symbol/prov
SONA,"Southern National Bancorp of Virginia, Inc.",11.98,146108918.6,n/a,n/a,Finance,Major Banks,http://www.nasdaq.com/symbol/sona
ESSA,"ESSA Bancorp, Inc.",12.64,144530537.9,n/a,n/a,Finance,Banks,http://www.nasdaq.com/symbol/essa
ITIC,Investors Title Company,70.9999,144045875.1,n/a,n/a,Finance,Specialty Insurers,http://www.nasdaq.com/symbol/itic
CFNB,California First National Bancorp,13.76,143928554.2,n/a,n/a,Finance,Major Banks,http://www.nasdaq.com/symbol/cfnb
LCNB,LCNB Corporation,15.41,143396414.3,n/a,n/a,Finance,Major Banks,http://www.nasdaq.com/symbol/lcnb
ORRF,Orrstown Financial Services Inc,17,140483529,n/a,n/a,Finance,Major Banks,http://www.nasdaq.com/symbol/orrf
QCRH,"QCR Holdings, Inc.",17.65,140179618.2,n/a,n/a,Finance,Major Banks,http://www.nasdaq.com/symbol/qcrh
SMBC,"Southern Missouri Bancorp, Inc.",18.74,138894620.8,n/a,n/a,Finance,Banks,http://www.nasdaq.com/symbol/smbc
ONFC,Oneida Financial Corp.,19.63,137850575.7,n/a,n/a,Finance,Savings Institutions,http://www.nasdaq.com/symbol/onfc
PMBC,Pacific Mercantile Bancorp,7.09,137794369.8,n/a,2000,Finance,Major Banks,http://www.nasdaq.com/symbol/pmbc
WFD,"Westfield Financial, Inc.",7.28,136817284.2,n/a,n/a,Finance,Savings Institutions,http://www.nasdaq.com/symbol/wfd
BWFG,"Bankwell Financial Group, Inc.",19.24,135995669.7,n/a,2014,Finance,Major Banks,http://www.nasdaq.com/symbol/bwfg
MNRK,"Monarch Financial Holdings, Inc.",12.66,134789412.2,n/a,n/a,Finance,Major Banks,http://www.nasdaq.com/symbol/mnrk
VBTX,"Veritex Holdings, Inc.",13.9,131547264.8,n/a,2014,Finance,Major Banks,http://www.nasdaq.com/symbol/vbtx
MBRG,Middleburg Financial Corporation,18.25,130011430.5,n/a,n/a,Finance,Major Banks,http://www.nasdaq.com/symbol/mbrg
WFBI,WashingtonFirst Bankshares Inc,15.92,129310852.7,n/a,n/a,Finance,Major Banks,http://www.nasdaq.com/symbol/wfbi
AVNU,"Avenue Financial Holdings, Inc.",12.86,128726028,n/a,2015,Finance,Major Banks,http://www.nasdaq.com/symbol/avnu
MBTF,M B T Financial Corp,5.63,127781559.6,n/a,n/a,Finance,Major Banks,http://www.nasdaq.com/symbol/mbtf
NHTB,"New Hampshire Thrift Bancshares, Inc.",15.44,127503998.6,n/a,n/a,Finance,Savings Institutions,http://www.nasdaq.com/symbol/nhtb
PFBI,"Premier Financial Bancorp, Inc.",15.43,125221300.9,n/a,1996,Finance,Major Banks,http://www.nasdaq.com/symbol/pfbi
FRBK,"Republic First Bancorp, Inc.",3.31,125167659.9,n/a,n/a,Finance,Major Banks,http://www.nasdaq.com/symbol/frbk
CFFI,C&F Financial Corporation,35.8,121869178.6,n/a,n/a,Finance,Major Banks,http://www.nasdaq.com/symbol/cffi
ACNB,ACNB Corporation,20.25,121729412.3,n/a,n/a,Finance,Major Banks,http://www.nasdaq.com/symbol/acnb
CVCY,Central Valley Community Bancorp,10.98,120558094.2,n/a,n/a,Finance,Major Banks,http://www.nasdaq.com/symbol/cvcy
GCBC,"Greene County Bancorp, Inc.",28.5,120337174.5,n/a,n/a,Finance,Banks,http://www.nasdaq.com/symbol/gcbc
CVLY,"Codorus Valley Bancorp, Inc",20.47,118823212,n/a,n/a,Finance,Savings Institutions,http://www.nasdaq.com/symbol/cvly
HBNK,"Hampden Bancorp, Inc.",21.09,117143139.6,n/a,n/a,Finance,Banks,http://www.nasdaq.com/symbol/hbnk
PBIP,"Prudential Bancorp, Inc.",12.44,115735527.6,n/a,n/a,Finance,Banks,http://www.nasdaq.com/symbol/pbip
SHBI,Shore Bancshares Inc,9.1,114795981.3,n/a,n/a,Finance,Major Banks,http://www.nasdaq.com/symbol/shbi
UNB,"Union Bankshares, Inc.",25.48,113600796.4,n/a,n/a,Finance,Major Banks,http://www.nasdaq.com/symbol/unb
MLP,"Maui Land & Pineapple Company, Inc.",5.96,111981116.9,n/a,n/a,Finance,Real Estate,http://www.nasdaq.com/symbol/mlp
MBFIP,MB Financial Inc.,27.35,109400000,n/a,n/a,Finance,Major Banks,http://www.nasdaq.com/symbol/mbfip
HIIQ,"Health Insurance Innovations, Inc.",7.44,109281889.4,n/a,2013,Finance,Specialty Insurers,http://www.nasdaq.com/symbol/hiiq
ISTR,Investar Holding Corporation,15.0292,109025483.9,n/a,2014,Finance,Major Banks,http://www.nasdaq.com/symbol/istr
ASFI,"Asta Funding, Inc.",8.35,108430920.7,n/a,1995,Finance,Finance Companies,http://www.nasdaq.com/symbol/asfi
CHEV,Cheviot Financial Corp,15.85,106318677.6,n/a,2004,Finance,Savings Institutions,http://www.nasdaq.com/symbol/chev
TINY,"Harris & Harris Group, Inc.",3.37,105297887.7,n/a,n/a,Finance,Finance/Investors Services,http://www.nasdaq.com/symbol/tiny
NWFL,Norwood Financial Corp.,28.79,104959674.2,n/a,n/a,Finance,Major Banks,http://www.nasdaq.com/symbol/nwfl
CAMB,CAMBRIDGE CAPITAL ACQUISITION CORPORATION,9.92,104503480,n/a,2014,Finance,Business Services,http://www.nasdaq.com/symbol/camb
RVSB,Riverview Bancorp Inc,4.65,104494288.5,n/a,n/a,Finance,Savings Institutions,http://www.nasdaq.com/symbol/rvsb
CBNJ,"Cape Bancorp, Inc.",9.1,104426103.6,n/a,n/a,Finance,Major Banks,http://www.nasdaq.com/symbol/cbnj
HFFC,HF Financial Corp.,14.78,104258400.8,n/a,n/a,Finance,Savings Institutions,http://www.nasdaq.com/symbol/hffc
SMMF,"Summit Financial Group, Inc.",12.55,104186912.3,n/a,n/a,Finance,Major Banks,http://www.nasdaq.com/symbol/smmf
PEBK,"Peoples Bancorp of North Carolina, Inc.",18.4905,103863449.8,n/a,n/a,Finance,Major Banks,http://www.nasdaq.com/symbol/pebk
BCBP,"BCB Bancorp, Inc. (NJ)",12.36,103662788.5,n/a,2005,Finance,Savings Institutions,http://www.nasdaq.com/symbol/bcbp
SFST,"Southern First Bancshares, Inc.",16.6,103341324.6,n/a,n/a,Finance,Major Banks,http://www.nasdaq.com/symbol/sfst
ENFC,Entegra Financial Corp.,15.75,103105406.3,n/a,2014,Finance,Banks,http://www.nasdaq.com/symbol/enfc
NBTF,NB&T FINANCIAL GROUP INC,29.79,102283845.8,n/a,n/a,Finance,Commercial Banks,http://www.nasdaq.com/symbol/nbtf
FAC,First Acceptance Corporation,2.46,100859776.1,n/a,n/a,Finance,Property-Casualty Insurers,http://www.nasdaq.com/symbol/fac
EVBN,"Evans Bancorp, Inc.",24,100554360,n/a,n/a,Finance,Major Banks,http://www.nasdaq.com/symbol/evbn
GDEF,"Global Defense & National Security Systems, Inc.",10.36,99712151,n/a,2013,Finance,Business Services,http://www.nasdaq.com/symbol/gdef
VYFC,Valley Financial Corporation,19.95,98551463.85,n/a,n/a,Finance,Savings Institutions,http://www.nasdaq.com/symbol/vyfc
HDRA,Hydra Industries Acquisition Corp.,9.49,97747000,n/a,2014,Finance,Business Services,http://www.nasdaq.com/symbol/hdra
OVBC,Ohio Valley Banc Corp.,23.45,96115757.85,n/a,n/a,Finance,Major Banks,http://www.nasdaq.com/symbol/ovbc
ESXB,Community Bankers Trust Corporation.,4.37,95190949.62,n/a,n/a,Finance,Major Banks,http://www.nasdaq.com/symbol/esxb
OSHC,Ocean Shore Holding Co.,14.63,93936933.09,n/a,n/a,Finance,Savings Institutions,http://www.nasdaq.com/symbol/oshc
CBIN,"Community Bank Shares of Indiana, Inc.",27.26,93930790.62,n/a,n/a,Finance,Major Banks,http://www.nasdaq.com/symbol/cbin
TCFC,The Community Financial Corporation,19.95,93537151.05,n/a,n/a,Finance,Major Banks,http://www.nasdaq.com/symbol/tcfc
CIZN,Citizens Holding Company,19.016,92752707.82,n/a,n/a,Finance,Major Banks,http://www.nasdaq.com/symbol/cizn
NBN,Northeast Bancorp,9.42,92678076.54,n/a,n/a,Finance,Major Banks,http://www.nasdaq.com/symbol/nbn
HFBC,"HopFed Bancorp, Inc.",12.81,92363212.83,n/a,n/a,Finance,Major Banks,http://www.nasdaq.com/symbol/hfbc
AUBN,"Auburn National Bancorporation, Inc.",24.77,90245234.56,n/a,n/a,Finance,Major Banks,http://www.nasdaq.com/symbol/aubn
CBFV,"CB Financial Services, Inc.",19.85,87061980.9,n/a,n/a,Finance,Major Banks,http://www.nasdaq.com/symbol/cbfv
ASBB,"ASB Bancorp, Inc.",19.81,86736321.91,n/a,2011,Finance,Savings Institutions,http://www.nasdaq.com/symbol/asbb
WBB,"Westbury Bancorp, Inc.",17.5,86183107.5,n/a,2013,Finance,Major Banks,http://www.nasdaq.com/symbol/wbb
AMIC,American Independence Corp.,10.634,85914372.31,n/a,n/a,Finance,Accident &Health Insurance,http://www.nasdaq.com/symbol/amic
CBNK,"Chicopee Bancorp, Inc.",16.17,85873533.9,n/a,n/a,Finance,Banks,http://www.nasdaq.com/symbol/cbnk
NECB,"Northeast Community Bancorp, Inc.",6.9,85395793.8,n/a,n/a,Finance,Savings Institutions,http://www.nasdaq.com/symbol/necb
ALLB,"Alliance Bancorp, Inc. of Pennsylvania",21.2,85375770.8,n/a,n/a,Finance,Savings Institutions,http://www.nasdaq.com/symbol/allb
SNFCA,Security National Financial Corporation,5.9,85318944.2,n/a,n/a,Finance,Finance: Consumer Services,http://www.nasdaq.com/symbol/snfca
FCZA,First Citizens Banc Corp.,10.99,84710007.83,n/a,n/a,Finance,Major Banks,http://www.nasdaq.com/symbol/fcza
MLVF,"Malvern Bancorp, Inc.",12.85,84276378.05,n/a,n/a,Finance,Banks,http://www.nasdaq.com/symbol/mlvf
UBFO,United Security Bancshares,5.36,83505348.16,n/a,n/a,Finance,Major Banks,http://www.nasdaq.com/symbol/ubfo
FCCY,1st Constitution Bancorp (NJ),11.69,83405508.06,n/a,n/a,Finance,Savings Institutions,http://www.nasdaq.com/symbol/fccy
LARK,Landmark Bancorp Inc.,26.235,83290851.77,n/a,n/a,Finance,Major Banks,http://www.nasdaq.com/symbol/lark
LSBK,"Lake Shore Bancorp, Inc.",13.8,81957523.8,n/a,n/a,Finance,Savings Institutions,http://www.nasdaq.com/symbol/lsbk
AAME,Atlantic American Corporation,3.97,81869840.22,n/a,n/a,Finance,Life Insurance,http://www.nasdaq.com/symbol/aame
FBMS,"The First Bancshares, Inc.",15.25,81006109,n/a,n/a,Finance,Major Banks,http://www.nasdaq.com/symbol/fbms
SLCT,"Select Bancorp, Inc.",7.08,80556098.4,n/a,n/a,Finance,Major Banks,http://www.nasdaq.com/symbol/slct
OVLY,Oak Valley Bancorp (CA),9.97,80506304.35,n/a,n/a,Finance,Major Banks,http://www.nasdaq.com/symbol/ovly
FCCO,First Community Corporation,11.91,79326150.06,n/a,n/a,Finance,Major Banks,http://www.nasdaq.com/symbol/fcco
LPSB,"LaPorte Bancorp, Inc.",13.71,78515031.24,n/a,n/a,Finance,Savings Institutions,http://www.nasdaq.com/symbol/lpsb
FSBK,First South Bancorp Inc,8.18,78511697.26,n/a,n/a,Finance,Major Banks,http://www.nasdaq.com/symbol/fsbk
UNTY,"Unity Bancorp, Inc.",9.23,77329872.23,n/a,n/a,Finance,Major Banks,http://www.nasdaq.com/symbol/unty
BOCH,Bank of Commerce Holdings (CA),5.71,75907466.67,n/a,n/a,Finance,Major Banks,http://www.nasdaq.com/symbol/boch
TSBK,"Timberland Bancorp, Inc.",10.73,75674784.28,n/a,n/a,Finance,Banks,http://www.nasdaq.com/symbol/tsbk
EVBS,"Eastern Virginia Bankshares, Inc.",6.29,74919353.43,n/a,n/a,Finance,Major Banks,http://www.nasdaq.com/symbol/evbs
OPOF,Old Point Financial Corporation,15.001,74390094.01,n/a,n/a,Finance,Major Banks,http://www.nasdaq.com/symbol/opof
AMRB,American River Bankshares,9.67,74315245.78,n/a,n/a,Finance,Major Banks,http://www.nasdaq.com/symbol/amrb
IROQ,"IF Bancorp, Inc.",16.731,72596762.67,n/a,2011,Finance,Savings Institutions,http://www.nasdaq.com/symbol/iroq
HWBK,"Hawthorn Bancshares, Inc.",13.83,72386026.38,n/a,n/a,Finance,Major Banks,http://www.nasdaq.com/symbol/hwbk
ARL,"American Realty Investors, Inc.",5.12,71821409.28,n/a,n/a,Finance,Real Estate,http://www.nasdaq.com/symbol/arl
CBAN,"Colony Bankcorp, Inc.",8.38,70720982.04,n/a,n/a,Finance,Major Banks,http://www.nasdaq.com/symbol/cban
FCTY,"1st Century Bancshares, Inc",6.88,69805016.64,n/a,n/a,Finance,Major Banks,http://www.nasdaq.com/symbol/fcty
PKBK,"Parke Bancorp, Inc.",11.62,69625401.58,n/a,n/a,Finance,Major Banks,http://www.nasdaq.com/symbol/pkbk
TRCB,Two River Bancorp,8.7005,69030732.76,n/a,n/a,Finance,Major Banks,http://www.nasdaq.com/symbol/trcb
KFFB,Kentucky First Federal Bancorp,8.01,67744695.15,n/a,n/a,Finance,Savings Institutions,http://www.nasdaq.com/symbol/kffb
MMAC,"MMA Capital Management, LLC",9.16,66680632.2,n/a,n/a,Finance,Real Estate,http://www.nasdaq.com/symbol/mmac
BKSC,Bank of South Carolina Corp.,14.7575,65838933.41,n/a,n/a,Finance,Major Banks,http://www.nasdaq.com/symbol/bksc
FCAP,"First Capital, Inc.",23.551,64541562.6,n/a,n/a,Finance,Savings Institutions,http://www.nasdaq.com/symbol/fcap
MBCN,Middlefield Banc Corp.,31.5001,64540019.39,n/a,n/a,Finance,Major Banks,http://www.nasdaq.com/symbol/mbcn
NVSL,Naugatuck Valley Financial Corporation,9.19,64350291.52,n/a,n/a,Finance,Savings Institutions,http://www.nasdaq.com/symbol/nvsl
GFED,"Guaranty Federal Bancshares, Inc.",14.96,64330214.08,n/a,n/a,Finance,Major Banks,http://www.nasdaq.com/symbol/gfed
DNBF,DNB Financial Corp,23.13,64223313.12,n/a,n/a,Finance,Major Banks,http://www.nasdaq.com/symbol/dnbf
MFNC,Mackinac Financial Corporation,11.53,64162316.95,n/a,n/a,Finance,Major Banks,http://www.nasdaq.com/symbol/mfnc
FMD,First Marblehead Corporation (The),5.51,63532173.4,n/a,2003,Finance,Finance: Consumer Services,http://www.nasdaq.com/symbol/fmd
FCLF,First Clover Leaf Financial Corp.,8.97,62855328.51,n/a,n/a,Finance,Savings Institutions,http://www.nasdaq.com/symbol/fclf
FSBW,"FS Bancorp, Inc.",19.38,62706412.5,n/a,2012,Finance,Banks,http://www.nasdaq.com/symbol/fsbw
ACFC,Atlantic Coast Financial Corporation,4.04,62656606.44,n/a,n/a,Finance,Savings Institutions,http://www.nasdaq.com/symbol/acfc
UNAM,Unico American Corporation,11.7,62491419.9,n/a,n/a,Finance,Property-Casualty Insurers,http://www.nasdaq.com/symbol/unam
FBSS,"Fauquier Bankshares, Inc.",16.7,62305645.9,n/a,n/a,Finance,Major Banks,http://www.nasdaq.com/symbol/fbss
LABC,"Louisiana Bancorp, Inc.",22.0993,61801421.73,n/a,n/a,Finance,Savings Institutions,http://www.nasdaq.com/symbol/labc
JAXB,"Jacksonville Bancorp, Inc.",10.59,61370331.39,n/a,n/a,Finance,Major Banks,http://www.nasdaq.com/symbol/jaxb
MCBK,"Madison County Financial, Inc.",20.23,61347110.86,n/a,2012,Finance,Savings Institutions,http://www.nasdaq.com/symbol/mcbk
FSFG,"First Savings Financial Group, Inc.",27.65,60498006.45,n/a,n/a,Finance,Savings Institutions,http://www.nasdaq.com/symbol/fsfg
KINS,"Kingstone Companies, Inc",8.0008,58368748.29,n/a,n/a,Finance,Property-Casualty Insurers,http://www.nasdaq.com/symbol/kins
PBSK,"Poage Bankshares, Inc.",15,58228755,n/a,2011,Finance,Savings Institutions,http://www.nasdaq.com/symbol/pbsk
ANCB,Anchor Bancorp,22.61,57655500,n/a,2011,Finance,Banks,http://www.nasdaq.com/symbol/ancb
FUNC,First United Corporation,9.18,57176399.88,n/a,n/a,Finance,Major Banks,http://www.nasdaq.com/symbol/func
NGHCP,National General Holdings Corp,25.9499,57089780,n/a,n/a,Finance,Property-Casualty Insurers,http://www.nasdaq.com/symbol/nghcp
TFSC,1347 Capital Corp.,9.59,57041320,n/a,2014,Finance,Business Services,http://www.nasdaq.com/symbol/tfsc
FCVA,"First Capital Bancorp, Inc. (VA)",4.36,56089403.12,n/a,2007,Finance,Major Banks,http://www.nasdaq.com/symbol/fcva
UCBA,United Community Bancorp,12.096,56060218.37,n/a,n/a,Finance,Savings Institutions,http://www.nasdaq.com/symbol/ucba
HBMD,"Howard Bancorp, Inc.",13.5,55892551.5,n/a,n/a,Finance,Major Banks,http://www.nasdaq.com/symbol/hbmd
WBKC,"Wolverine Bancorp, Inc.",24.45,55460081.7,n/a,2011,Finance,Banks,http://www.nasdaq.com/symbol/wbkc
MPB,Mid Penn Bancorp,15.832,55363174.11,n/a,n/a,Finance,Major Banks,http://www.nasdaq.com/symbol/mpb
ASRV,AmeriServ Financial Inc.,2.94,55256970.72,n/a,n/a,Finance,Major Banks,http://www.nasdaq.com/symbol/asrv
CWAY,"Coastway Bancorp, Inc.",11.1001,54936381.82,n/a,2014,Finance,Savings Institutions,http://www.nasdaq.com/symbol/cway
RIVR,River Valley Bancorp.,21.66,54446655.36,n/a,n/a,Finance,Savings Institutions,http://www.nasdaq.com/symbol/rivr
CNLM,CB Pharma Acquisition Corp.,9.78,54142080,n/a,2015,Finance,Business Services,http://www.nasdaq.com/symbol/cnlm
PFBX,Peoples Financial Corporation,10.56,54100844.16,n/a,n/a,Finance,Major Banks,http://www.nasdaq.com/symbol/pfbx
CWBC,Community West Bancshares,6.59,54056010.47,n/a,n/a,Finance,Major Banks,http://www.nasdaq.com/symbol/cwbc
BYBK,"Bay Bancorp, Inc.",4.9,54050787.7,n/a,n/a,Finance,Major Banks,http://www.nasdaq.com/symbol/bybk
SBFG,"SB Financial Group, Inc.",10.97,53480187.07,n/a,n/a,Finance,Major Banks,http://www.nasdaq.com/symbol/sbfg
HMNF,"HMN Financial, Inc.",11.865,53040572.24,n/a,n/a,Finance,Savings Institutions,http://www.nasdaq.com/symbol/hmnf
SMAC,Sino Mercury Acquisition Corp.,9.92,52676440,n/a,2014,Finance,Business Services,http://www.nasdaq.com/symbol/smac
ESBK,Elmira Savings Bank NY (The),21.02,52605555.86,n/a,n/a,Finance,Major Banks,http://www.nasdaq.com/symbol/esbk
COBK,"Colonial Financial Services, Inc.",13.5,52112821.5,n/a,n/a,Finance,Savings Institutions,http://www.nasdaq.com/symbol/cobk
MSBF,MSB Financial Corp.,10.34,51807918.58,n/a,n/a,Finance,Savings Institutions,http://www.nasdaq.com/symbol/msbf
SBCP,"Sunshine Bancorp, Inc.",12.1,51207200,n/a,2014,Finance,Savings Institutions,http://www.nasdaq.com/symbol/sbcp
SBBX,Sussex Bancorp,10.87,50703180.22,n/a,n/a,Finance,Major Banks,http://www.nasdaq.com/symbol/sbbx
SAL,"Salisbury Bancorp, Inc.",29.5875,50691701.59,n/a,n/a,Finance,Savings Institutions,http://www.nasdaq.com/symbol/sal
SOCB,Southcoast Financial Corporation,7.1305,50602120.91,n/a,n/a,Finance,Major Banks,http://www.nasdaq.com/symbol/socb
UBOH,"United Bancshares, Inc.",15.0199,50583042.93,n/a,n/a,Finance,Major Banks,http://www.nasdaq.com/symbol/uboh
PSBH,"PSB Holdings, Inc.",7.72,50500850.92,n/a,n/a,Finance,Savings Institutions,http://www.nasdaq.com/symbol/psbh
ASBI,Ameriana Bancorp,16.76,50396515.52,n/a,n/a,Finance,Savings Institutions,http://www.nasdaq.com/symbol/asbi
USBI,"United Security Bancshares, Inc.",8.29,50022349.11,n/a,n/a,Finance,Major Banks,http://www.nasdaq.com/symbol/usbi
RBPAA,"Royal Bancshares of Pennsylvania, Inc.",1.79,49938293.52,n/a,n/a,Finance,Major Banks,http://www.nasdaq.com/symbol/rbpaa
MGYR,"Magyar Bancorp, Inc.",8.4,48849729.6,n/a,n/a,Finance,Savings Institutions,http://www.nasdaq.com/symbol/mgyr
SIBC,"State Investors Bancorp, Inc.",21.06,48606880.14,n/a,2011,Finance,Savings Institutions,http://www.nasdaq.com/symbol/sibc
CZWI,"Citizens Community Bancorp, Inc.",9.2999,48302480.91,n/a,n/a,Finance,Savings Institutions,http://www.nasdaq.com/symbol/czwi
GWGH,"GWG Holdings, Inc",8.18,48018178.74,n/a,2014,Finance,Life Insurance,http://www.nasdaq.com/symbol/gwgh
SFBC,"Sound Financial Bancorp, Inc.",18.95,47716725.35,n/a,n/a,Finance,Savings Institutions,http://www.nasdaq.com/symbol/sfbc
PIH,"1347 Property Insurance Holdings, Inc.",7.49,47622356.25,n/a,2014,Finance,Property-Casualty Insurers,http://www.nasdaq.com/symbol/pih
GROW,"U.S. Global Investors, Inc.",3,46148709,n/a,n/a,Finance,Investment Managers,http://www.nasdaq.com/symbol/grow
WEBK,"Wellesley Bancorp, Inc.",18.75,46020712.5,n/a,2012,Finance,Banks,http://www.nasdaq.com/symbol/webk
SVBI,Severn Bancorp Inc,4.57,46007922.03,n/a,n/a,Finance,Major Banks,http://www.nasdaq.com/symbol/svbi
AFCB,Athens Bancshares Corporation,25.1,45222695.1,n/a,2010,Finance,Savings Institutions,http://www.nasdaq.com/symbol/afcb
HBK,"Hamilton Bancorp, Inc.",13.1,44772040.3,n/a,2012,Finance,Savings Institutions,http://www.nasdaq.com/symbol/hbk
PLBC,Plumas Bancorp,9.21,44163230.19,n/a,n/a,Finance,Finance Companies,http://www.nasdaq.com/symbol/plbc
EMCF,Emclaire Financial Corp,24.84,44020404.72,n/a,n/a,Finance,Major Banks,http://www.nasdaq.com/symbol/emcf
PBHC,"Pathfinder Bancorp, Inc.",9.99,43478507.97,n/a,n/a,Finance,Banks,http://www.nasdaq.com/symbol/pbhc
UBCP,"United Bancorp, Inc.",8.0399,43209526,n/a,n/a,Finance,Major Banks,http://www.nasdaq.com/symbol/ubcp
HFBL,"Home Federal Bancorp, Inc. of Louisiana",19.804,42902256.77,n/a,n/a,Finance,Savings Institutions,http://www.nasdaq.com/symbol/hfbl
SMACU,Sino Mercury Acquisition Corp.,10.14,42689400,n/a,2014,Finance,Business Services,http://www.nasdaq.com/symbol/smacu
EBMT,"Eagle Bancorp Montana, Inc.",10.97,42412576.01,n/a,n/a,Finance,Savings Institutions,http://www.nasdaq.com/symbol/ebmt
JXSB,Jacksonville Bancorp Inc.,23,41831089,n/a,n/a,Finance,Savings Institutions,http://www.nasdaq.com/symbol/jxsb
JTPY,JetPay Corporation,2.88,39927810.24,n/a,2011,Finance,Business Services,http://www.nasdaq.com/symbol/jtpy
WAYN,Wayne Savings Bancshares Inc.,13.8,38941378.2,n/a,n/a,Finance,Savings Institutions,http://www.nasdaq.com/symbol/wayn
MELR,"Melrose Bancorp, Inc.",13.66,38652049.14,n/a,2014,Finance,Major Banks,http://www.nasdaq.com/symbol/melr
FWV,"First West Virginia Bancorp, Inc.",22.301,38552407.73,n/a,n/a,Finance,Major Banks,http://www.nasdaq.com/symbol/fwv
ATLC,Atlanticus Holdings Corporation,2.75,38250888.5,n/a,1995,Finance,Finance: Consumer Services,http://www.nasdaq.com/symbol/atlc
BYFC,Broadway Financial Corporation,1.305,37945103.94,n/a,n/a,Finance,Savings Institutions,http://www.nasdaq.com/symbol/byfc
BOTJ,"Bank of the James Financial Group, Inc.",11.25,37854832.5,n/a,n/a,Finance,Major Banks,http://www.nasdaq.com/symbol/botj
SIEB,Siebert Financial Corp.,1.67,36882160.42,n/a,n/a,Finance,Investment Bankers/Brokers/Service,http://www.nasdaq.com/symbol/sieb
PBCP,"Polonia Bancorp, Inc.",10.9,36359271.7,n/a,n/a,Finance,Savings Institutions,http://www.nasdaq.com/symbol/pbcp
SGB,Southwest Georgia Financial Corporation,14.02,35720674.74,n/a,n/a,Finance,Major Banks,http://www.nasdaq.com/symbol/sgb
NSEC,"National Security Group, Inc.",14.14,35455371.28,n/a,n/a,Finance,Life Insurance,http://www.nasdaq.com/symbol/nsec
GLBZ,Glen Burnie Bancorp,12.75,35202291,n/a,n/a,Finance,Major Banks,http://www.nasdaq.com/symbol/glbz
SSFN,Stewardship Financial Corp,5.55,33463025.7,n/a,n/a,Finance,Major Banks,http://www.nasdaq.com/symbol/ssfn
CLBH,Carolina Bank Holdings Inc.,9.47,32526419.6,n/a,n/a,Finance,Major Banks,http://www.nasdaq.com/symbol/clbh
GTWN,"Georgetown Bancorp, Inc.",17.76,32458762.08,n/a,n/a,Finance,Major Banks,http://www.nasdaq.com/symbol/gtwn
QCCO,"QC Holdings, Inc.",1.71,29944307.61,n/a,2004,Finance,Investment Bankers/Brokers/Service,http://www.nasdaq.com/symbol/qcco
BANFP,BancFirst Corporation,28.05,28050000,n/a,n/a,Finance,Major Banks,http://www.nasdaq.com/symbol/banfp
IFMI,"Institutional Financial Markets, Inc.",1.64,24855034.76,n/a,n/a,Finance,Investment Bankers/Brokers/Service,http://www.nasdaq.com/symbol/ifmi
CZFC,Citizens First Corporation,12.49,24590024.73,n/a,n/a,Finance,Major Banks,http://www.nasdaq.com/symbol/czfc
CMSB,"CMS Bancorp, Inc.",13.19,24570371.57,n/a,n/a,Finance,Banks,http://www.nasdaq.com/symbol/cmsb
WVFC,WVS Financial Corp.,11.63,23846500.9,n/a,n/a,Finance,Banks,http://www.nasdaq.com/symbol/wvfc
CFBK,Central Federal Corporation,1.33,21045534.3,n/a,n/a,Finance,Savings Institutions,http://www.nasdaq.com/symbol/cfbk
FFNM,"First Federal of Northern Michigan Bancorp, Inc.",5.64,21020358.96,n/a,n/a,Finance,Major Banks,http://www.nasdaq.com/symbol/ffnm
CARV,"Carver Bancorp, Inc.",5.65,20882891.55,n/a,n/a,Finance,Savings Institutions,http://www.nasdaq.com/symbol/carv
PBIB,"Porter Bancorp, Inc.",0.8691,12941345.72,n/a,2006,Finance,Major Banks,http://www.nasdaq.com/symbol/pbib
OPHC,"OptimumBank Holdings, Inc.",1,9295972,n/a,n/a,Finance,Major Banks,http://www.nasdaq.com/symbol/ophc
PNBK,Patriot National Bancorp Inc.,15.245,5970033.47,n/a,n/a,Finance,Major Banks,http://www.nasdaq.com/symbol/pnbk
VBFC,Village Bank and Trust Financial Corp.,15.3316,5125261.89,n/a,n/a,Finance,Major Banks,http://www.nasdaq.com/symbol/vbfc
LPHI,Life Partners Holdings Inc,0.22,4102442.96,n/a,n/a,Finance,Life Insurance,http://www.nasdaq.com/symbol/lphi
BPOPM,"Popular, Inc.",21.649,0,n/a,n/a,Finance,Major Banks,http://www.nasdaq.com/symbol/bpopm
SGZA,"Selective Insurance Group, Inc.",25.12,0,n/a,n/a,Finance,Property-Casualty Insurers,http://www.nasdaq.com/symbol/sgza
ZBK,Zions Bancorporation,27.3,0,n/a,n/a,Finance,Major Banks,http://www.nasdaq.com/symbol/zbk
ZIONW,Zions Bancorporation,4,0,n/a,n/a,Finance,Major Banks,http://www.nasdaq.com/symbol/zionw
ZIONZ,Zions Bancorporation,2.34,0,n/a,n/a,Finance,Major Banks,http://www.nasdaq.com/symbol/zionz
WAFDW,"Washington Federal, Inc.",5.19,0,n/a,n/a,Finance,Savings Institutions,http://www.nasdaq.com/symbol/wafdw
FFBCW,First Financial Bancorp.,5.65,0,n/a,n/a,Finance,Major Banks,http://www.nasdaq.com/symbol/ffbcw
ASRVP,AmeriServ Financial Inc.,27.97,0,n/a,n/a,Finance,Major Banks,http://www.nasdaq.com/symbol/asrvp
SIVBO,SVB Financial Group,25.85,0,n/a,n/a,Finance,Major Banks,http://www.nasdaq.com/symbol/sivbo
KMPA,Kemper Corporation,26.61,0,n/a,2014,Finance,Property-Casualty Insurers,http://www.nasdaq.com/symbol/kmpa
CATYW,Cathay General Bancorp,7.2,0,n/a,n/a,Finance,Major Banks,http://www.nasdaq.com/symbol/catyw
OSBCP,"Old Second Bancorp, Inc.",9.9999,0,n/a,n/a,Finance,Major Banks,http://www.nasdaq.com/symbol/osbcp
BPFHP,"Boston Private Financial Holdings, Inc.",25.58,0,n/a,n/a,Finance,Major Banks,http://www.nasdaq.com/symbol/bpfhp
BPFHW,"Boston Private Financial Holdings, Inc.",5.9,0,n/a,n/a,Finance,Major Banks,http://www.nasdaq.com/symbol/bpfhw
INTLL,INTL FCStone Inc.,26.19,0,n/a,n/a,Finance,Investment Bankers/Brokers/Service,http://www.nasdaq.com/symbol/intll
WTFCW,Wintrust Financial Corporation,24.4,0,n/a,n/a,Finance,Major Banks,http://www.nasdaq.com/symbol/wtfcw
PVTBP,"PrivateBancorp, Inc.",27.5,0,n/a,n/a,Finance,Major Banks,http://www.nasdaq.com/symbol/pvtbp
PVTD,"PrivateBancorp, Inc.",26.48,0,n/a,n/a,Finance,Major Banks,http://www.nasdaq.com/symbol/pvtd
GER,"Goldman Sachs Group, Inc. (The)",15.6,0,n/a,1986,Finance,Investment Bankers/Brokers/Service,http://www.nasdaq.com/symbol/ger
GMZ,"Goldman Sachs Group, Inc. (The)",17.37,0,n/a,2013,Finance,Investment Bankers/Brokers/Service,http://www.nasdaq.com/symbol/gmz
GSF,"Goldman Sachs Group, Inc. (The)",25.57,0,n/a,n/a,Finance,Investment Bankers/Brokers/Service,http://www.nasdaq.com/symbol/gsf
GSJ,"Goldman Sachs Group, Inc. (The)",26.6793,0,n/a,2011,Finance,Investment Bankers/Brokers/Service,http://www.nasdaq.com/symbol/gsj
TFG,"Goldman Sachs Group, Inc. (The)",26.7885,0,n/a,2011,Finance,Finance: Consumer Services,http://www.nasdaq.com/symbol/tfg
BGCA,"BGC Partners, Inc.",27.64,0,n/a,2012,Finance,Investment Bankers/Brokers/Service,http://www.nasdaq.com/symbol/bgca
AMBCW,"Ambac Financial Group, Inc.",13.49,0,n/a,n/a,Finance,Property-Casualty Insurers,http://www.nasdaq.com/symbol/ambcw
THGA,"The Hanover Insurance Group, Inc.",25.25,0,n/a,n/a,Finance,Property-Casualty Insurers,http://www.nasdaq.com/symbol/thga
AFA,"American Financial Group, Inc.",25.42,0,n/a,2012,Finance,Property-Casualty Insurers,http://www.nasdaq.com/symbol/afa
AFGE,"American Financial Group, Inc.",25.56,0,n/a,2014,Finance,Property-Casualty Insurers,http://www.nasdaq.com/symbol/afge
AFQ,"American Financial Group, Inc.",26.33,0,n/a,n/a,Finance,Property-Casualty Insurers,http://www.nasdaq.com/symbol/afq
AFW,"American Financial Group, Inc.",26.41,0,n/a,n/a,Finance,Property-Casualty Insurers,http://www.nasdaq.com/symbol/afw
AFSD,Aflac Incorporated,25.0959,0,n/a,n/a,Finance,Accident &Health Insurance,http://www.nasdaq.com/symbol/afsd
AGM/A,Federal Agricultural Mortgage Corporation,26.2,0,n/a,n/a,Finance,Finance Companies,http://www.nasdaq.com/symbol/agm/a
AFM,"Affiliated Managers Group, Inc.",25.9345,0,n/a,n/a,Finance,Investment Managers,http://www.nasdaq.com/symbol/afm
MGR,"Affiliated Managers Group, Inc.",26.072,0,n/a,2012,Finance,Investment Managers,http://www.nasdaq.com/symbol/mgr
BAC^W,Bank of America Corporation,25.35,0,n/a,n/a,Finance,Major Banks,http://www.nasdaq.com/symbol/bac^w
BRK/A,Berkshire Hathaway Inc.,214748.3647,0,n/a,n/a,Finance,Property-Casualty Insurers,http://www.nasdaq.com/symbol/brk/a
BRK/B,Berkshire Hathaway Inc.,145.28,0,n/a,n/a,Finance,Property-Casualty Insurers,http://www.nasdaq.com/symbol/brk/b
C^K,Citigroup Inc.,26.76,0,n/a,n/a,Finance,Major Banks,http://www.nasdaq.com/symbol/c^k
C^N,Citigroup Inc.,26.53,0,n/a,n/a,Finance,Major Banks,http://www.nasdaq.com/symbol/c^n
COF^C,Capital One Financial Corporation,25.39,0,n/a,n/a,Finance,Major Banks,http://www.nasdaq.com/symbol/cof^c
CRD/A,Crawford & Company,7.81,0,n/a,n/a,Finance,Specialty Insurers,http://www.nasdaq.com/symbol/crd/a
CRD/B,Crawford & Company,8.78,0,n/a,n/a,Finance,Specialty Insurers,http://www.nasdaq.com/symbol/crd/b
AIW,Arlington Asset Investment Corp,24.1,0,n/a,n/a,Finance,Finance/Investors Services,http://www.nasdaq.com/symbol/aiw
GEB,General Electric Company,25.22,0,n/a,n/a,Finance,Finance: Consumer Services,http://www.nasdaq.com/symbol/geb
HGH,"Hartford Financial Services Group, Inc. (The)",30.39,0,n/a,n/a,Finance,Property-Casualty Insurers,http://www.nasdaq.com/symbol/hgh
IPB,"Merrill Lynch & Co., Inc.",27.16,0,n/a,n/a,Finance,Finance: Consumer Services,http://www.nasdaq.com/symbol/ipb
MER^D,"Merrill Lynch & Co., Inc.",25.7455,0,n/a,n/a,Finance,Finance/Investors Services,http://www.nasdaq.com/symbol/mer^d
MER^E,"Merrill Lynch & Co., Inc.",25.9099,0,n/a,n/a,Finance,Finance/Investors Services,http://www.nasdaq.com/symbol/mer^e
MER^F,"Merrill Lynch & Co., Inc.",25.83,0,n/a,n/a,Finance,Finance/Investors Services,http://www.nasdaq.com/symbol/mer^f
MSJ,Morgan Stanley,25.55,0,n/a,n/a,Finance,Investment Bankers/Brokers/Service,http://www.nasdaq.com/symbol/msj
MSZ,Morgan Stanley,25.63,0,n/a,n/a,Finance,Major Banks,http://www.nasdaq.com/symbol/msz
MWG,Morgan Stanley,25.52,0,n/a,n/a,Finance,Finance: Consumer Services,http://www.nasdaq.com/symbol/mwg
MWO,Morgan Stanley,25.44,0,n/a,n/a,Finance,Finance: Consumer Services,http://www.nasdaq.com/symbol/mwo
MWR,Morgan Stanley,25.4,0,n/a,n/a,Finance,Finance: Consumer Services,http://www.nasdaq.com/symbol/mwr
RJD,"Raymond James Financial, Inc.",27.13,0,n/a,n/a,Finance,Investment Bankers/Brokers/Service,http://www.nasdaq.com/symbol/rjd
ISM,SLM Corporation,23.8995,0,n/a,n/a,Finance,Finance: Consumer Services,http://www.nasdaq.com/symbol/ism
JSM,SLM Corporation,22.44,0,n/a,n/a,Finance,Finance: Consumer Services,http://www.nasdaq.com/symbol/jsm
OSM,SLM Corporation,24.36,0,n/a,n/a,Finance,Finance: Consumer Services,http://www.nasdaq.com/symbol/osm
USB^A,U.S. Bancorp,825,0,n/a,n/a,Finance,Major Banks,http://www.nasdaq.com/symbol/usb^a
VLYWW,Valley National Bancorp,0.0533,0,n/a,n/a,Finance,Major Banks,http://www.nasdaq.com/symbol/vlyww
CVB,Lehman ABS Corporation,10.6,0,n/a,n/a,Finance,Finance: Consumer Services,http://www.nasdaq.com/symbol/cvb
JBK,Lehman ABS Corporation,25.18,0,n/a,n/a,Finance,Finance: Consumer Services,http://www.nasdaq.com/symbol/jbk
XKE,Lehman ABS Corporation,6.1284,0,n/a,n/a,Finance,Finance: Consumer Services,http://www.nasdaq.com/symbol/xke
KCC,Lehman ABS Corporation,30.3118,0,n/a,n/a,Finance,Finance: Consumer Services,http://www.nasdaq.com/symbol/kcc
KTH,Lehman ABS Corporation,32.61,0,n/a,n/a,Finance,Finance: Consumer Services,http://www.nasdaq.com/symbol/kth
KTN,Lehman ABS Corporation,31.35,0,n/a,n/a,Finance,Finance: Consumer Services,http://www.nasdaq.com/symbol/ktn
KTP,Lehman ABS Corporation,18.29,0,n/a,n/a,Finance,Finance: Consumer Services,http://www.nasdaq.com/symbol/ktp
PIY,"Merrill Lynch Depositor, Inc.",26.45,0,n/a,n/a,Finance,Finance: Consumer Services,http://www.nasdaq.com/symbol/piy
PFX,"Phoenix Companies, Inc. (The)",24.86,0,n/a,n/a,Finance,Life Insurance,http://www.nasdaq.com/symbol/pfx
TZF,"Bear Stearns Depositor, Inc.",32,0,n/a,n/a,Finance,Finance: Consumer Services,http://www.nasdaq.com/symbol/tzf
PJS,Preferred Plus Trust Ser QWS 2 Tr Ctf,25.8,0,n/a,n/a,Finance,Finance: Consumer Services,http://www.nasdaq.com/symbol/pjs
GEH,General Electric Capital Corporation,25.17,0,n/a,n/a,Finance,Finance: Consumer Services,http://www.nasdaq.com/symbol/geh
GEK,General Electric Capital Corporation,24.96,0,n/a,n/a,Finance,Finance: Consumer Services,http://www.nasdaq.com/symbol/gek
BOCA,"Banc of California, Inc.",25.75,0,n/a,n/a,Finance,Major Banks,http://www.nasdaq.com/symbol/boca
TCBIL,"Texas Capital Bancshares, Inc.",24.9,0,n/a,n/a,Finance,Major Banks,http://www.nasdaq.com/symbol/tcbil
TCBIW,"Texas Capital Bancshares, Inc.",34.35,0,n/a,n/a,Finance,Major Banks,http://www.nasdaq.com/symbol/tcbiw
PYB,PPlus Trust,25.39,0,n/a,n/a,Finance,Finance: Consumer Services,http://www.nasdaq.com/symbol/pyb
PYS,PPlus Trust,23.6,0,n/a,n/a,Finance,Finance: Consumer Services,http://www.nasdaq.com/symbol/pys
PYT,PPlus Trust,19.63,0,n/a,n/a,Finance,Finance: Consumer Services,http://www.nasdaq.com/symbol/pyt
GJH,SYNTHETIC FIXED INCOME SECURITIES INC,9.89,0,n/a,n/a,Finance,Finance: Consumer Services,http://www.nasdaq.com/symbol/gjh
GJS,SYNTHETIC FIXED INCOME SECURITIES INC,18.455,0,n/a,n/a,Finance,Finance: Consumer Services,http://www.nasdaq.com/symbol/gjs
SBNYW,Signature Bank,89.18,0,n/a,n/a,Finance,Major Banks,http://www.nasdaq.com/symbol/sbnyw
NYMTP,"New York Mortgage Trust, Inc.",24.84,0,n/a,n/a,Finance,Finance: Consumer Services,http://www.nasdaq.com/symbol/nymtp
KFH,KKR Financial Holdings LLC,27.68,0,n/a,2011,Finance,Finance: Consumer Services,http://www.nasdaq.com/symbol/kfh
KFI,KKR Financial Holdings LLC,28.06,0,n/a,n/a,Finance,Finance: Consumer Services,http://www.nasdaq.com/symbol/kfi
PFK,"Prudential Financial, Inc.",26.55,0,n/a,n/a,Finance,Life Insurance,http://www.nasdaq.com/symbol/pfk
PJH,"Prudential Financial, Inc.",25.5,0,n/a,n/a,Finance,Life Insurance,http://www.nasdaq.com/symbol/pjh
PRH,"Prudential Financial, Inc.",25.5199,0,n/a,n/a,Finance,Life Insurance,http://www.nasdaq.com/symbol/prh
JMPB,JMP Group LLC,25.8768,0,n/a,n/a,Finance,Investment Bankers/Brokers/Service,http://www.nasdaq.com/symbol/jmpb
JMPC,JMP Group LLC,25.45,0,n/a,2014,Finance,Investment Bankers/Brokers/Service,http://www.nasdaq.com/symbol/jmpc
HCJ,"HCI Group, Inc.",26.2428,0,n/a,n/a,Finance,Property-Casualty Insurers,http://www.nasdaq.com/symbol/hcj
COWNL,"Cowen Group, Inc.",26.72,0,n/a,n/a,Finance,Investment Bankers/Brokers/Service,http://www.nasdaq.com/symbol/cownl
KWN,Kennedy-Wilson Holdings Inc.,25.63,0,n/a,2012,Finance,Real Estate,http://www.nasdaq.com/symbol/kwn
CUBS,"Customers Bancorp, Inc",26.35,0,n/a,n/a,Finance,Major Banks,http://www.nasdaq.com/symbol/cubs
CLACW,Capitol Acquisition Corp. II,0.4,0,n/a,2013,Finance,Business Services,http://www.nasdaq.com/symbol/clacw
ROIQW,ROI Acquisition Corp. II,0.26,0,n/a,2013,Finance,Business Services,http://www.nasdaq.com/symbol/roiqw
LEVYW,Levy Acquisition Corp.,0.7,0,n/a,2014,Finance,Business Services,http://www.nasdaq.com/symbol/levyw
CAMBU,CAMBRIDGE CAPITAL ACQUISITION CORPORATION,10.38,0,n/a,2013,Finance,Business Services,http://www.nasdaq.com/symbol/cambu
CAMBW,CAMBRIDGE CAPITAL ACQUISITION CORPORATION,0.27,0,n/a,2014,Finance,Business Services,http://www.nasdaq.com/symbol/cambw
BLVDW,Boulevard Acquisition Corp.,0.7,0,n/a,2014,Finance,Business Services,http://www.nasdaq.com/symbol/blvdw
TFSCR,1347 Capital Corp.,0.18,0,n/a,2014,Finance,Business Services,http://www.nasdaq.com/symbol/tfscr
TFSCW,1347 Capital Corp.,0.2,0,n/a,2014,Finance,Business Services,http://www.nasdaq.com/symbol/tfscw
WLRHW,WL Ross Holding Corp.,0.69,0,n/a,n/a,Finance,Business Services,http://www.nasdaq.com/symbol/wlrhw
TRTLW,Terrapin 3 Acquisition Corporation,0.27,0,n/a,2014,Finance,Business Services,http://www.nasdaq.com/symbol/trtlw
SMACR,Sino Mercury Acquisition Corp.,0.29,0,n/a,2014,Finance,Business Services,http://www.nasdaq.com/symbol/smacr
AUMAW,AR Capital Acquisition Corp.,0.29,0,n/a,2014,Finance,Business Services,http://www.nasdaq.com/symbol/aumaw
HDRAR,Hydra Industries Acquisition Corp.,0.3,0,n/a,2014,Finance,Business Services,http://www.nasdaq.com/symbol/hdrar
HDRAU,Hydra Industries Acquisition Corp.,9.83,0,n/a,2014,Finance,Business Services,http://www.nasdaq.com/symbol/hdrau
HDRAW,Hydra Industries Acquisition Corp.,0.17,0,n/a,2014,Finance,Business Services,http://www.nasdaq.com/symbol/hdraw
CNLMR,CB Pharma Acquisition Corp.,0.28,0,n/a,2015,Finance,Business Services,http://www.nasdaq.com/symbol/cnlmr
CNLMW,CB Pharma Acquisition Corp.,0.2101,0,n/a,2015,Finance,Business Services,http://www.nasdaq.com/symbol/cnlmw
QPACU,Quinpario Acquisition Corp. 2,10.03,0,n/a,2015,Finance,Business Services,http://www.nasdaq.com/symbol/qpacu
FNTCU,FinTech Acquisition Corp.,10.65,0,n/a,2015,Finance,Business Services,http://www.nasdaq.com/symbol/fntcu
BHACU,Barington/Hilco Acquisition Corp.,9.97,0,n/a,2015,Finance,Business Services,http://www.nasdaq.com/symbol/bhacu
FCZAP,First Citizens Banc Corp.,34.65,0,n/a,n/a,Finance,Major Banks,http://www.nasdaq.com/symbol/fczap
HBANP,Huntington Bancshares Incorporated,1328.1,0,n/a,n/a,Finance,Major Banks,http://www.nasdaq.com/symbol/hbanp
SBFGP,"SB Financial Group, Inc.",11.55,0,n/a,n/a,Finance,Major Banks,http://www.nasdaq.com/symbol/sbfgp
WSFSL,WSFS Financial Corporation,26.3,0,n/a,n/a,Finance,Major Banks,http://www.nasdaq.com/symbol/wsfsl
